-- MySQL dump 10.13  Distrib 5.5.34, for debian-linux-gnu (i686)
--
-- Host: localhost    Database: freedomfone
-- ------------------------------------------------------
-- Server version	5.5.34-0ubuntu0.12.04.1-log

/*!40101 SET @OLD_CHARACTER_SET_CLIENT=@@CHARACTER_SET_CLIENT */;
/*!40101 SET @OLD_CHARACTER_SET_RESULTS=@@CHARACTER_SET_RESULTS */;
/*!40101 SET @OLD_COLLATION_CONNECTION=@@COLLATION_CONNECTION */;
/*!40101 SET NAMES utf8 */;
/*!40103 SET @OLD_TIME_ZONE=@@TIME_ZONE */;
/*!40103 SET TIME_ZONE='+00:00' */;
/*!40014 SET @OLD_UNIQUE_CHECKS=@@UNIQUE_CHECKS, UNIQUE_CHECKS=0 */;
/*!40014 SET @OLD_FOREIGN_KEY_CHECKS=@@FOREIGN_KEY_CHECKS, FOREIGN_KEY_CHECKS=0 */;
/*!40101 SET @OLD_SQL_MODE=@@SQL_MODE, SQL_MODE='NO_AUTO_VALUE_ON_ZERO' */;
/*!40111 SET @OLD_SQL_NOTES=@@SQL_NOTES, SQL_NOTES=0 */;

--
-- Table structure for table `acos`
--

DROP TABLE IF EXISTS `acos`;
/*!40101 SET @saved_cs_client     = @@character_set_client */;
/*!40101 SET character_set_client = utf8 */;
CREATE TABLE `acos` (
  `id` int(10) NOT NULL AUTO_INCREMENT,
  `parent_id` int(10) DEFAULT NULL,
  `model` varchar(255) DEFAULT NULL,
  `foreign_key` int(10) DEFAULT NULL,
  `alias` varchar(255) DEFAULT NULL,
  `lft` int(10) DEFAULT NULL,
  `rght` int(10) DEFAULT NULL,
  PRIMARY KEY (`id`)
) ENGINE=InnoDB AUTO_INCREMENT=739 DEFAULT CHARSET=latin1;
/*!40101 SET character_set_client = @saved_cs_client */;

--
-- Dumping data for table `acos`
--

LOCK TABLES `acos` WRITE;
/*!40000 ALTER TABLE `acos` DISABLE KEYS */;
INSERT INTO `acos` VALUES (1,NULL,NULL,NULL,'controllers',1,1476),(2,1,NULL,NULL,'Api',2,69),(3,2,NULL,NULL,'get',3,4),(4,2,NULL,NULL,'bin',5,6),(5,2,NULL,NULL,'polls',7,8),(6,2,NULL,NULL,'lm_menus',9,10),(7,2,NULL,NULL,'messages',11,12),(8,2,NULL,NULL,'categories',13,14),(9,2,NULL,NULL,'tags',15,16),(10,2,NULL,NULL,'cdr',17,18),(11,2,NULL,NULL,'services',19,20),(12,2,NULL,NULL,'users',21,22),(13,2,NULL,NULL,'system',23,24),(14,2,NULL,NULL,'uploadFiles',25,26),(15,2,NULL,NULL,'wav2mp3',27,28),(16,2,NULL,NULL,'wavDuration',29,30),(17,2,NULL,NULL,'getExt',31,32),(18,2,NULL,NULL,'getFilename',33,34),(19,2,NULL,NULL,'logRefresh',35,36),(20,2,NULL,NULL,'getTimezone',37,38),(21,2,NULL,NULL,'getPrefix',39,40),(22,2,NULL,NULL,'getLanguage',41,42),(23,2,NULL,NULL,'checkMyIp',43,44),(24,2,NULL,NULL,'getInstance',45,46),(25,2,NULL,NULL,'isActive',47,48),(26,2,NULL,NULL,'emptyDir',49,50),(27,2,NULL,NULL,'refreshAll',51,52),(28,2,NULL,NULL,'dateToString',53,54),(29,2,NULL,NULL,'headerGetStatus',55,56),(30,2,NULL,NULL,'getServiceName',57,58),(31,2,NULL,NULL,'getPhoneBooks',59,60),(32,2,NULL,NULL,'authAccess',61,62),(33,2,NULL,NULL,'sweeper',63,64),(34,2,NULL,NULL,'validateReceivers',65,66),(35,2,NULL,NULL,'isAlive',67,68),(36,1,NULL,NULL,'Batches',70,131),(37,36,NULL,NULL,'index',71,72),(38,36,NULL,NULL,'disp',73,74),(39,36,NULL,NULL,'method',75,76),(40,36,NULL,NULL,'add',77,78),(41,36,NULL,NULL,'delete',79,80),(42,36,NULL,NULL,'view',81,82),(43,36,NULL,NULL,'update',83,84),(44,36,NULL,NULL,'process',85,86),(45,36,NULL,NULL,'uploadFiles',87,88),(46,36,NULL,NULL,'wav2mp3',89,90),(47,36,NULL,NULL,'wavDuration',91,92),(48,36,NULL,NULL,'getExt',93,94),(49,36,NULL,NULL,'getFilename',95,96),(50,36,NULL,NULL,'logRefresh',97,98),(51,36,NULL,NULL,'getTimezone',99,100),(52,36,NULL,NULL,'getPrefix',101,102),(53,36,NULL,NULL,'getLanguage',103,104),(54,36,NULL,NULL,'checkMyIp',105,106),(55,36,NULL,NULL,'getInstance',107,108),(56,36,NULL,NULL,'isActive',109,110),(57,36,NULL,NULL,'emptyDir',111,112),(58,36,NULL,NULL,'refreshAll',113,114),(59,36,NULL,NULL,'dateToString',115,116),(60,36,NULL,NULL,'headerGetStatus',117,118),(61,36,NULL,NULL,'getServiceName',119,120),(62,36,NULL,NULL,'getPhoneBooks',121,122),(63,36,NULL,NULL,'authAccess',123,124),(64,36,NULL,NULL,'sweeper',125,126),(65,36,NULL,NULL,'validateReceivers',127,128),(66,36,NULL,NULL,'isAlive',129,130),(67,1,NULL,NULL,'Bin',132,191),(68,67,NULL,NULL,'refresh',133,134),(69,67,NULL,NULL,'index',135,136),(70,67,NULL,NULL,'disp',137,138),(71,67,NULL,NULL,'process',139,140),(72,67,NULL,NULL,'delete',141,142),(73,67,NULL,NULL,'export',143,144),(74,67,NULL,NULL,'outgoing',145,146),(75,67,NULL,NULL,'uploadFiles',147,148),(76,67,NULL,NULL,'wav2mp3',149,150),(77,67,NULL,NULL,'wavDuration',151,152),(78,67,NULL,NULL,'getExt',153,154),(79,67,NULL,NULL,'getFilename',155,156),(80,67,NULL,NULL,'logRefresh',157,158),(81,67,NULL,NULL,'getTimezone',159,160),(82,67,NULL,NULL,'getPrefix',161,162),(83,67,NULL,NULL,'getLanguage',163,164),(84,67,NULL,NULL,'checkMyIp',165,166),(85,67,NULL,NULL,'getInstance',167,168),(86,67,NULL,NULL,'isActive',169,170),(87,67,NULL,NULL,'emptyDir',171,172),(88,67,NULL,NULL,'refreshAll',173,174),(89,67,NULL,NULL,'dateToString',175,176),(90,67,NULL,NULL,'headerGetStatus',177,178),(91,67,NULL,NULL,'getServiceName',179,180),(92,67,NULL,NULL,'getPhoneBooks',181,182),(93,67,NULL,NULL,'authAccess',183,184),(94,67,NULL,NULL,'sweeper',185,186),(95,67,NULL,NULL,'validateReceivers',187,188),(96,67,NULL,NULL,'isAlive',189,190),(97,1,NULL,NULL,'Callers',192,253),(98,97,NULL,NULL,'refresh',193,194),(99,97,NULL,NULL,'index',195,196),(100,97,NULL,NULL,'view',197,198),(101,97,NULL,NULL,'edit',199,200),(102,97,NULL,NULL,'delete',201,202),(103,97,NULL,NULL,'process',203,204),(104,97,NULL,NULL,'add',205,206),(105,97,NULL,NULL,'disp',207,208),(106,97,NULL,NULL,'uploadFiles',209,210),(107,97,NULL,NULL,'wav2mp3',211,212),(108,97,NULL,NULL,'wavDuration',213,214),(109,97,NULL,NULL,'getExt',215,216),(110,97,NULL,NULL,'getFilename',217,218),(111,97,NULL,NULL,'logRefresh',219,220),(112,97,NULL,NULL,'getTimezone',221,222),(113,97,NULL,NULL,'getPrefix',223,224),(114,97,NULL,NULL,'getLanguage',225,226),(115,97,NULL,NULL,'checkMyIp',227,228),(116,97,NULL,NULL,'getInstance',229,230),(117,97,NULL,NULL,'isActive',231,232),(118,97,NULL,NULL,'emptyDir',233,234),(119,97,NULL,NULL,'refreshAll',235,236),(120,97,NULL,NULL,'dateToString',237,238),(121,97,NULL,NULL,'headerGetStatus',239,240),(122,97,NULL,NULL,'getServiceName',241,242),(123,97,NULL,NULL,'getPhoneBooks',243,244),(124,97,NULL,NULL,'authAccess',245,246),(125,97,NULL,NULL,'sweeper',247,248),(126,97,NULL,NULL,'validateReceivers',249,250),(127,97,NULL,NULL,'isAlive',251,252),(128,1,NULL,NULL,'Categories',254,307),(129,128,NULL,NULL,'index',255,256),(130,128,NULL,NULL,'add',257,258),(131,128,NULL,NULL,'edit',259,260),(132,128,NULL,NULL,'delete',261,262),(133,128,NULL,NULL,'uploadFiles',263,264),(134,128,NULL,NULL,'wav2mp3',265,266),(135,128,NULL,NULL,'wavDuration',267,268),(136,128,NULL,NULL,'getExt',269,270),(137,128,NULL,NULL,'getFilename',271,272),(138,128,NULL,NULL,'logRefresh',273,274),(139,128,NULL,NULL,'getTimezone',275,276),(140,128,NULL,NULL,'getPrefix',277,278),(141,128,NULL,NULL,'getLanguage',279,280),(142,128,NULL,NULL,'checkMyIp',281,282),(143,128,NULL,NULL,'getInstance',283,284),(144,128,NULL,NULL,'isActive',285,286),(145,128,NULL,NULL,'emptyDir',287,288),(146,128,NULL,NULL,'refreshAll',289,290),(147,128,NULL,NULL,'dateToString',291,292),(148,128,NULL,NULL,'headerGetStatus',293,294),(149,128,NULL,NULL,'getServiceName',295,296),(150,128,NULL,NULL,'getPhoneBooks',297,298),(151,128,NULL,NULL,'authAccess',299,300),(152,128,NULL,NULL,'sweeper',301,302),(153,128,NULL,NULL,'validateReceivers',303,304),(154,128,NULL,NULL,'isAlive',305,306),(155,1,NULL,NULL,'Cdr',308,373),(156,155,NULL,NULL,'refresh',309,310),(157,155,NULL,NULL,'general',311,312),(158,155,NULL,NULL,'index',313,314),(159,155,NULL,NULL,'del',315,316),(160,155,NULL,NULL,'process',317,318),(161,155,NULL,NULL,'output',319,320),(162,155,NULL,NULL,'export',321,322),(163,155,NULL,NULL,'statistics',323,324),(164,155,NULL,NULL,'delete',325,326),(165,155,NULL,NULL,'overview',327,328),(166,155,NULL,NULL,'uploadFiles',329,330),(167,155,NULL,NULL,'wav2mp3',331,332),(168,155,NULL,NULL,'wavDuration',333,334),(169,155,NULL,NULL,'getExt',335,336),(170,155,NULL,NULL,'getFilename',337,338),(171,155,NULL,NULL,'logRefresh',339,340),(172,155,NULL,NULL,'getTimezone',341,342),(173,155,NULL,NULL,'getPrefix',343,344),(174,155,NULL,NULL,'getLanguage',345,346),(175,155,NULL,NULL,'checkMyIp',347,348),(176,155,NULL,NULL,'getInstance',349,350),(177,155,NULL,NULL,'isActive',351,352),(178,155,NULL,NULL,'emptyDir',353,354),(179,155,NULL,NULL,'refreshAll',355,356),(180,155,NULL,NULL,'dateToString',357,358),(181,155,NULL,NULL,'headerGetStatus',359,360),(182,155,NULL,NULL,'getServiceName',361,362),(183,155,NULL,NULL,'getPhoneBooks',363,364),(184,155,NULL,NULL,'authAccess',365,366),(185,155,NULL,NULL,'sweeper',367,368),(186,155,NULL,NULL,'validateReceivers',369,370),(187,155,NULL,NULL,'isAlive',371,372),(188,1,NULL,NULL,'Channels',374,427),(189,188,NULL,NULL,'index',375,376),(190,188,NULL,NULL,'audio_services',377,378),(191,188,NULL,NULL,'refresh',379,380),(192,188,NULL,NULL,'edit',381,382),(193,188,NULL,NULL,'uploadFiles',383,384),(194,188,NULL,NULL,'wav2mp3',385,386),(195,188,NULL,NULL,'wavDuration',387,388),(196,188,NULL,NULL,'getExt',389,390),(197,188,NULL,NULL,'getFilename',391,392),(198,188,NULL,NULL,'logRefresh',393,394),(199,188,NULL,NULL,'getTimezone',395,396),(200,188,NULL,NULL,'getPrefix',397,398),(201,188,NULL,NULL,'getLanguage',399,400),(202,188,NULL,NULL,'checkMyIp',401,402),(203,188,NULL,NULL,'getInstance',403,404),(204,188,NULL,NULL,'isActive',405,406),(205,188,NULL,NULL,'emptyDir',407,408),(206,188,NULL,NULL,'refreshAll',409,410),(207,188,NULL,NULL,'dateToString',411,412),(208,188,NULL,NULL,'headerGetStatus',413,414),(209,188,NULL,NULL,'getServiceName',415,416),(210,188,NULL,NULL,'getPhoneBooks',417,418),(211,188,NULL,NULL,'authAccess',419,420),(212,188,NULL,NULL,'sweeper',421,422),(213,188,NULL,NULL,'validateReceivers',423,424),(214,188,NULL,NULL,'isAlive',425,426),(215,1,NULL,NULL,'Groups',428,475),(216,215,NULL,NULL,'index',429,430),(217,215,NULL,NULL,'uploadFiles',431,432),(218,215,NULL,NULL,'wav2mp3',433,434),(219,215,NULL,NULL,'wavDuration',435,436),(220,215,NULL,NULL,'getExt',437,438),(221,215,NULL,NULL,'getFilename',439,440),(222,215,NULL,NULL,'logRefresh',441,442),(223,215,NULL,NULL,'getTimezone',443,444),(224,215,NULL,NULL,'getPrefix',445,446),(225,215,NULL,NULL,'getLanguage',447,448),(226,215,NULL,NULL,'checkMyIp',449,450),(227,215,NULL,NULL,'getInstance',451,452),(228,215,NULL,NULL,'isActive',453,454),(229,215,NULL,NULL,'emptyDir',455,456),(230,215,NULL,NULL,'refreshAll',457,458),(231,215,NULL,NULL,'dateToString',459,460),(232,215,NULL,NULL,'headerGetStatus',461,462),(233,215,NULL,NULL,'getServiceName',463,464),(234,215,NULL,NULL,'getPhoneBooks',465,466),(235,215,NULL,NULL,'authAccess',467,468),(236,215,NULL,NULL,'sweeper',469,470),(237,215,NULL,NULL,'validateReceivers',471,472),(238,215,NULL,NULL,'isAlive',473,474),(239,1,NULL,NULL,'IvrMenus',476,539),(240,239,NULL,NULL,'index',477,478),(241,239,NULL,NULL,'add',479,480),(242,239,NULL,NULL,'add_selector',481,482),(243,239,NULL,NULL,'edit',483,484),(244,239,NULL,NULL,'delete',485,486),(245,239,NULL,NULL,'download',487,488),(246,239,NULL,NULL,'selectors',489,490),(247,239,NULL,NULL,'edit_selector',491,492),(248,239,NULL,NULL,'disp',493,494),(249,239,NULL,NULL,'uploadFiles',495,496),(250,239,NULL,NULL,'wav2mp3',497,498),(251,239,NULL,NULL,'wavDuration',499,500),(252,239,NULL,NULL,'getExt',501,502),(253,239,NULL,NULL,'getFilename',503,504),(254,239,NULL,NULL,'logRefresh',505,506),(255,239,NULL,NULL,'getTimezone',507,508),(256,239,NULL,NULL,'getPrefix',509,510),(257,239,NULL,NULL,'getLanguage',511,512),(258,239,NULL,NULL,'checkMyIp',513,514),(259,239,NULL,NULL,'getInstance',515,516),(260,239,NULL,NULL,'isActive',517,518),(261,239,NULL,NULL,'emptyDir',519,520),(262,239,NULL,NULL,'refreshAll',521,522),(263,239,NULL,NULL,'dateToString',523,524),(264,239,NULL,NULL,'headerGetStatus',525,526),(265,239,NULL,NULL,'getServiceName',527,528),(266,239,NULL,NULL,'getPhoneBooks',529,530),(267,239,NULL,NULL,'authAccess',531,532),(268,239,NULL,NULL,'sweeper',533,534),(269,239,NULL,NULL,'validateReceivers',535,536),(270,239,NULL,NULL,'isAlive',537,538),(271,1,NULL,NULL,'LmMenus',540,603),(272,271,NULL,NULL,'index',541,542),(273,271,NULL,NULL,'create',543,544),(274,271,NULL,NULL,'add',545,546),(275,271,NULL,NULL,'edit',547,548),(276,271,NULL,NULL,'download',549,550),(277,271,NULL,NULL,'delete',551,552),(278,271,NULL,NULL,'export',553,554),(279,271,NULL,NULL,'advanced_edit',555,556),(280,271,NULL,NULL,'advanced_add',557,558),(281,271,NULL,NULL,'uploadFiles',559,560),(282,271,NULL,NULL,'wav2mp3',561,562),(283,271,NULL,NULL,'wavDuration',563,564),(284,271,NULL,NULL,'getExt',565,566),(285,271,NULL,NULL,'getFilename',567,568),(286,271,NULL,NULL,'logRefresh',569,570),(287,271,NULL,NULL,'getTimezone',571,572),(288,271,NULL,NULL,'getPrefix',573,574),(289,271,NULL,NULL,'getLanguage',575,576),(290,271,NULL,NULL,'checkMyIp',577,578),(291,271,NULL,NULL,'getInstance',579,580),(292,271,NULL,NULL,'isActive',581,582),(293,271,NULL,NULL,'emptyDir',583,584),(294,271,NULL,NULL,'refreshAll',585,586),(295,271,NULL,NULL,'dateToString',587,588),(296,271,NULL,NULL,'headerGetStatus',589,590),(297,271,NULL,NULL,'getServiceName',591,592),(298,271,NULL,NULL,'getPhoneBooks',593,594),(299,271,NULL,NULL,'authAccess',595,596),(300,271,NULL,NULL,'sweeper',597,598),(301,271,NULL,NULL,'validateReceivers',599,600),(302,271,NULL,NULL,'isAlive',601,602),(303,1,NULL,NULL,'Logs',604,653),(304,303,NULL,NULL,'index',605,606),(305,303,NULL,NULL,'disp',607,608),(306,303,NULL,NULL,'uploadFiles',609,610),(307,303,NULL,NULL,'wav2mp3',611,612),(308,303,NULL,NULL,'wavDuration',613,614),(309,303,NULL,NULL,'getExt',615,616),(310,303,NULL,NULL,'getFilename',617,618),(311,303,NULL,NULL,'logRefresh',619,620),(312,303,NULL,NULL,'getTimezone',621,622),(313,303,NULL,NULL,'getPrefix',623,624),(314,303,NULL,NULL,'getLanguage',625,626),(315,303,NULL,NULL,'checkMyIp',627,628),(316,303,NULL,NULL,'getInstance',629,630),(317,303,NULL,NULL,'isActive',631,632),(318,303,NULL,NULL,'emptyDir',633,634),(319,303,NULL,NULL,'refreshAll',635,636),(320,303,NULL,NULL,'dateToString',637,638),(321,303,NULL,NULL,'headerGetStatus',639,640),(322,303,NULL,NULL,'getServiceName',641,642),(323,303,NULL,NULL,'getPhoneBooks',643,644),(324,303,NULL,NULL,'authAccess',645,646),(325,303,NULL,NULL,'sweeper',647,648),(326,303,NULL,NULL,'validateReceivers',649,650),(327,303,NULL,NULL,'isAlive',651,652),(328,1,NULL,NULL,'Messages',654,717),(329,328,NULL,NULL,'refresh',655,656),(330,328,NULL,NULL,'index',657,658),(331,328,NULL,NULL,'disp',659,660),(332,328,NULL,NULL,'archive',661,662),(333,328,NULL,NULL,'view',663,664),(334,328,NULL,NULL,'edit',665,666),(335,328,NULL,NULL,'delete',667,668),(336,328,NULL,NULL,'process',669,670),(337,328,NULL,NULL,'download',671,672),(338,328,NULL,NULL,'uploadFiles',673,674),(339,328,NULL,NULL,'wav2mp3',675,676),(340,328,NULL,NULL,'wavDuration',677,678),(341,328,NULL,NULL,'getExt',679,680),(342,328,NULL,NULL,'getFilename',681,682),(343,328,NULL,NULL,'logRefresh',683,684),(344,328,NULL,NULL,'getTimezone',685,686),(345,328,NULL,NULL,'getPrefix',687,688),(346,328,NULL,NULL,'getLanguage',689,690),(347,328,NULL,NULL,'checkMyIp',691,692),(348,328,NULL,NULL,'getInstance',693,694),(349,328,NULL,NULL,'isActive',695,696),(350,328,NULL,NULL,'emptyDir',697,698),(351,328,NULL,NULL,'refreshAll',699,700),(352,328,NULL,NULL,'dateToString',701,702),(353,328,NULL,NULL,'headerGetStatus',703,704),(354,328,NULL,NULL,'getServiceName',705,706),(355,328,NULL,NULL,'getPhoneBooks',707,708),(356,328,NULL,NULL,'authAccess',709,710),(357,328,NULL,NULL,'sweeper',711,712),(358,328,NULL,NULL,'validateReceivers',713,714),(359,328,NULL,NULL,'isAlive',715,716),(360,1,NULL,NULL,'MonitorIvr',718,777),(361,360,NULL,NULL,'index',719,720),(362,360,NULL,NULL,'del',721,722),(363,360,NULL,NULL,'refresh',723,724),(364,360,NULL,NULL,'process',725,726),(365,360,NULL,NULL,'export',727,728),(366,360,NULL,NULL,'output',729,730),(367,360,NULL,NULL,'delete',731,732),(368,360,NULL,NULL,'uploadFiles',733,734),(369,360,NULL,NULL,'wav2mp3',735,736),(370,360,NULL,NULL,'wavDuration',737,738),(371,360,NULL,NULL,'getExt',739,740),(372,360,NULL,NULL,'getFilename',741,742),(373,360,NULL,NULL,'logRefresh',743,744),(374,360,NULL,NULL,'getTimezone',745,746),(375,360,NULL,NULL,'getPrefix',747,748),(376,360,NULL,NULL,'getLanguage',749,750),(377,360,NULL,NULL,'checkMyIp',751,752),(378,360,NULL,NULL,'getInstance',753,754),(379,360,NULL,NULL,'isActive',755,756),(380,360,NULL,NULL,'emptyDir',757,758),(381,360,NULL,NULL,'refreshAll',759,760),(382,360,NULL,NULL,'dateToString',761,762),(383,360,NULL,NULL,'headerGetStatus',763,764),(384,360,NULL,NULL,'getServiceName',765,766),(385,360,NULL,NULL,'getPhoneBooks',767,768),(386,360,NULL,NULL,'authAccess',769,770),(387,360,NULL,NULL,'sweeper',771,772),(388,360,NULL,NULL,'validateReceivers',773,774),(389,360,NULL,NULL,'isAlive',775,776),(390,1,NULL,NULL,'Nodes',778,833),(391,390,NULL,NULL,'index',779,780),(392,390,NULL,NULL,'add',781,782),(393,390,NULL,NULL,'delete',783,784),(394,390,NULL,NULL,'edit',785,786),(395,390,NULL,NULL,'download',787,788),(396,390,NULL,NULL,'uploadFiles',789,790),(397,390,NULL,NULL,'wav2mp3',791,792),(398,390,NULL,NULL,'wavDuration',793,794),(399,390,NULL,NULL,'getExt',795,796),(400,390,NULL,NULL,'getFilename',797,798),(401,390,NULL,NULL,'logRefresh',799,800),(402,390,NULL,NULL,'getTimezone',801,802),(403,390,NULL,NULL,'getPrefix',803,804),(404,390,NULL,NULL,'getLanguage',805,806),(405,390,NULL,NULL,'checkMyIp',807,808),(406,390,NULL,NULL,'getInstance',809,810),(407,390,NULL,NULL,'isActive',811,812),(408,390,NULL,NULL,'emptyDir',813,814),(409,390,NULL,NULL,'refreshAll',815,816),(410,390,NULL,NULL,'dateToString',817,818),(411,390,NULL,NULL,'headerGetStatus',819,820),(412,390,NULL,NULL,'getServiceName',821,822),(413,390,NULL,NULL,'getPhoneBooks',823,824),(414,390,NULL,NULL,'authAccess',825,826),(415,390,NULL,NULL,'sweeper',827,828),(416,390,NULL,NULL,'validateReceivers',829,830),(417,390,NULL,NULL,'isAlive',831,832),(418,1,NULL,NULL,'OfficeRoute',834,883),(419,418,NULL,NULL,'refresh',835,836),(420,418,NULL,NULL,'edit',837,838),(421,418,NULL,NULL,'uploadFiles',839,840),(422,418,NULL,NULL,'wav2mp3',841,842),(423,418,NULL,NULL,'wavDuration',843,844),(424,418,NULL,NULL,'getExt',845,846),(425,418,NULL,NULL,'getFilename',847,848),(426,418,NULL,NULL,'logRefresh',849,850),(427,418,NULL,NULL,'getTimezone',851,852),(428,418,NULL,NULL,'getPrefix',853,854),(429,418,NULL,NULL,'getLanguage',855,856),(430,418,NULL,NULL,'checkMyIp',857,858),(431,418,NULL,NULL,'getInstance',859,860),(432,418,NULL,NULL,'isActive',861,862),(433,418,NULL,NULL,'emptyDir',863,864),(434,418,NULL,NULL,'refreshAll',865,866),(435,418,NULL,NULL,'dateToString',867,868),(436,418,NULL,NULL,'headerGetStatus',869,870),(437,418,NULL,NULL,'getServiceName',871,872),(438,418,NULL,NULL,'getPhoneBooks',873,874),(439,418,NULL,NULL,'authAccess',875,876),(440,418,NULL,NULL,'sweeper',877,878),(441,418,NULL,NULL,'validateReceivers',879,880),(442,418,NULL,NULL,'isAlive',881,882),(443,1,NULL,NULL,'Pages',884,931),(444,443,NULL,NULL,'display',885,886),(445,443,NULL,NULL,'uploadFiles',887,888),(446,443,NULL,NULL,'wav2mp3',889,890),(447,443,NULL,NULL,'wavDuration',891,892),(448,443,NULL,NULL,'getExt',893,894),(449,443,NULL,NULL,'getFilename',895,896),(450,443,NULL,NULL,'logRefresh',897,898),(451,443,NULL,NULL,'getTimezone',899,900),(452,443,NULL,NULL,'getPrefix',901,902),(453,443,NULL,NULL,'getLanguage',903,904),(454,443,NULL,NULL,'checkMyIp',905,906),(455,443,NULL,NULL,'getInstance',907,908),(456,443,NULL,NULL,'isActive',909,910),(457,443,NULL,NULL,'emptyDir',911,912),(458,443,NULL,NULL,'refreshAll',913,914),(459,443,NULL,NULL,'dateToString',915,916),(460,443,NULL,NULL,'headerGetStatus',917,918),(461,443,NULL,NULL,'getServiceName',919,920),(462,443,NULL,NULL,'getPhoneBooks',921,922),(463,443,NULL,NULL,'authAccess',923,924),(464,443,NULL,NULL,'sweeper',925,926),(465,443,NULL,NULL,'validateReceivers',927,928),(466,443,NULL,NULL,'isAlive',929,930),(467,1,NULL,NULL,'PhoneBooks',932,987),(468,467,NULL,NULL,'index',933,934),(469,467,NULL,NULL,'add',935,936),(470,467,NULL,NULL,'edit',937,938),(471,467,NULL,NULL,'delete',939,940),(472,467,NULL,NULL,'export',941,942),(473,467,NULL,NULL,'uploadFiles',943,944),(474,467,NULL,NULL,'wav2mp3',945,946),(475,467,NULL,NULL,'wavDuration',947,948),(476,467,NULL,NULL,'getExt',949,950),(477,467,NULL,NULL,'getFilename',951,952),(478,467,NULL,NULL,'logRefresh',953,954),(479,467,NULL,NULL,'getTimezone',955,956),(480,467,NULL,NULL,'getPrefix',957,958),(481,467,NULL,NULL,'getLanguage',959,960),(482,467,NULL,NULL,'checkMyIp',961,962),(483,467,NULL,NULL,'getInstance',963,964),(484,467,NULL,NULL,'isActive',965,966),(485,467,NULL,NULL,'emptyDir',967,968),(486,467,NULL,NULL,'refreshAll',969,970),(487,467,NULL,NULL,'dateToString',971,972),(488,467,NULL,NULL,'headerGetStatus',973,974),(489,467,NULL,NULL,'getServiceName',975,976),(490,467,NULL,NULL,'getPhoneBooks',977,978),(491,467,NULL,NULL,'authAccess',979,980),(492,467,NULL,NULL,'sweeper',981,982),(493,467,NULL,NULL,'validateReceivers',983,984),(494,467,NULL,NULL,'isAlive',985,986),(495,1,NULL,NULL,'PhoneNumbers',988,1037),(496,495,NULL,NULL,'add',989,990),(497,495,NULL,NULL,'delete',991,992),(498,495,NULL,NULL,'uploadFiles',993,994),(499,495,NULL,NULL,'wav2mp3',995,996),(500,495,NULL,NULL,'wavDuration',997,998),(501,495,NULL,NULL,'getExt',999,1000),(502,495,NULL,NULL,'getFilename',1001,1002),(503,495,NULL,NULL,'logRefresh',1003,1004),(504,495,NULL,NULL,'getTimezone',1005,1006),(505,495,NULL,NULL,'getPrefix',1007,1008),(506,495,NULL,NULL,'getLanguage',1009,1010),(507,495,NULL,NULL,'checkMyIp',1011,1012),(508,495,NULL,NULL,'getInstance',1013,1014),(509,495,NULL,NULL,'isActive',1015,1016),(510,495,NULL,NULL,'emptyDir',1017,1018),(511,495,NULL,NULL,'refreshAll',1019,1020),(512,495,NULL,NULL,'dateToString',1021,1022),(513,495,NULL,NULL,'headerGetStatus',1023,1024),(514,495,NULL,NULL,'getServiceName',1025,1026),(515,495,NULL,NULL,'getPhoneBooks',1027,1028),(516,495,NULL,NULL,'authAccess',1029,1030),(517,495,NULL,NULL,'sweeper',1031,1032),(518,495,NULL,NULL,'validateReceivers',1033,1034),(519,495,NULL,NULL,'isAlive',1035,1036),(520,1,NULL,NULL,'Polls',1038,1097),(521,520,NULL,NULL,'refresh',1039,1040),(522,520,NULL,NULL,'index',1041,1042),(523,520,NULL,NULL,'view',1043,1044),(524,520,NULL,NULL,'add',1045,1046),(525,520,NULL,NULL,'delete',1047,1048),(526,520,NULL,NULL,'unlink',1049,1050),(527,520,NULL,NULL,'edit',1051,1052),(528,520,NULL,NULL,'uploadFiles',1053,1054),(529,520,NULL,NULL,'wav2mp3',1055,1056),(530,520,NULL,NULL,'wavDuration',1057,1058),(531,520,NULL,NULL,'getExt',1059,1060),(532,520,NULL,NULL,'getFilename',1061,1062),(533,520,NULL,NULL,'logRefresh',1063,1064),(534,520,NULL,NULL,'getTimezone',1065,1066),(535,520,NULL,NULL,'getPrefix',1067,1068),(536,520,NULL,NULL,'getLanguage',1069,1070),(537,520,NULL,NULL,'checkMyIp',1071,1072),(538,520,NULL,NULL,'getInstance',1073,1074),(539,520,NULL,NULL,'isActive',1075,1076),(540,520,NULL,NULL,'emptyDir',1077,1078),(541,520,NULL,NULL,'refreshAll',1079,1080),(542,520,NULL,NULL,'dateToString',1081,1082),(543,520,NULL,NULL,'headerGetStatus',1083,1084),(544,520,NULL,NULL,'getServiceName',1085,1086),(545,520,NULL,NULL,'getPhoneBooks',1087,1088),(546,520,NULL,NULL,'authAccess',1089,1090),(547,520,NULL,NULL,'sweeper',1091,1092),(548,520,NULL,NULL,'validateReceivers',1093,1094),(549,520,NULL,NULL,'isAlive',1095,1096),(550,1,NULL,NULL,'Processes',1098,1153),(551,550,NULL,NULL,'index',1099,1100),(552,550,NULL,NULL,'system',1101,1102),(553,550,NULL,NULL,'start',1103,1104),(554,550,NULL,NULL,'stop',1105,1106),(555,550,NULL,NULL,'refresh',1107,1108),(556,550,NULL,NULL,'uploadFiles',1109,1110),(557,550,NULL,NULL,'wav2mp3',1111,1112),(558,550,NULL,NULL,'wavDuration',1113,1114),(559,550,NULL,NULL,'getExt',1115,1116),(560,550,NULL,NULL,'getFilename',1117,1118),(561,550,NULL,NULL,'logRefresh',1119,1120),(562,550,NULL,NULL,'getTimezone',1121,1122),(563,550,NULL,NULL,'getPrefix',1123,1124),(564,550,NULL,NULL,'getLanguage',1125,1126),(565,550,NULL,NULL,'checkMyIp',1127,1128),(566,550,NULL,NULL,'getInstance',1129,1130),(567,550,NULL,NULL,'isActive',1131,1132),(568,550,NULL,NULL,'emptyDir',1133,1134),(569,550,NULL,NULL,'refreshAll',1135,1136),(570,550,NULL,NULL,'dateToString',1137,1138),(571,550,NULL,NULL,'headerGetStatus',1139,1140),(572,550,NULL,NULL,'getServiceName',1141,1142),(573,550,NULL,NULL,'getPhoneBooks',1143,1144),(574,550,NULL,NULL,'authAccess',1145,1146),(575,550,NULL,NULL,'sweeper',1147,1148),(576,550,NULL,NULL,'validateReceivers',1149,1150),(577,550,NULL,NULL,'isAlive',1151,1152),(578,1,NULL,NULL,'Settings',1154,1201),(579,578,NULL,NULL,'index',1155,1156),(580,578,NULL,NULL,'uploadFiles',1157,1158),(581,578,NULL,NULL,'wav2mp3',1159,1160),(582,578,NULL,NULL,'wavDuration',1161,1162),(583,578,NULL,NULL,'getExt',1163,1164),(584,578,NULL,NULL,'getFilename',1165,1166),(585,578,NULL,NULL,'logRefresh',1167,1168),(586,578,NULL,NULL,'getTimezone',1169,1170),(587,578,NULL,NULL,'getPrefix',1171,1172),(588,578,NULL,NULL,'getLanguage',1173,1174),(589,578,NULL,NULL,'checkMyIp',1175,1176),(590,578,NULL,NULL,'getInstance',1177,1178),(591,578,NULL,NULL,'isActive',1179,1180),(592,578,NULL,NULL,'emptyDir',1181,1182),(593,578,NULL,NULL,'refreshAll',1183,1184),(594,578,NULL,NULL,'dateToString',1185,1186),(595,578,NULL,NULL,'headerGetStatus',1187,1188),(596,578,NULL,NULL,'getServiceName',1189,1190),(597,578,NULL,NULL,'getPhoneBooks',1191,1192),(598,578,NULL,NULL,'authAccess',1193,1194),(599,578,NULL,NULL,'sweeper',1195,1196),(600,578,NULL,NULL,'validateReceivers',1197,1198),(601,578,NULL,NULL,'isAlive',1199,1200),(602,1,NULL,NULL,'SmsGateways',1202,1257),(603,602,NULL,NULL,'index',1203,1204),(604,602,NULL,NULL,'disp',1205,1206),(605,602,NULL,NULL,'add',1207,1208),(606,602,NULL,NULL,'edit',1209,1210),(607,602,NULL,NULL,'delete',1211,1212),(608,602,NULL,NULL,'uploadFiles',1213,1214),(609,602,NULL,NULL,'wav2mp3',1215,1216),(610,602,NULL,NULL,'wavDuration',1217,1218),(611,602,NULL,NULL,'getExt',1219,1220),(612,602,NULL,NULL,'getFilename',1221,1222),(613,602,NULL,NULL,'logRefresh',1223,1224),(614,602,NULL,NULL,'getTimezone',1225,1226),(615,602,NULL,NULL,'getPrefix',1227,1228),(616,602,NULL,NULL,'getLanguage',1229,1230),(617,602,NULL,NULL,'checkMyIp',1231,1232),(618,602,NULL,NULL,'getInstance',1233,1234),(619,602,NULL,NULL,'isActive',1235,1236),(620,602,NULL,NULL,'emptyDir',1237,1238),(621,602,NULL,NULL,'refreshAll',1239,1240),(622,602,NULL,NULL,'dateToString',1241,1242),(623,602,NULL,NULL,'headerGetStatus',1243,1244),(624,602,NULL,NULL,'getServiceName',1245,1246),(625,602,NULL,NULL,'getPhoneBooks',1247,1248),(626,602,NULL,NULL,'authAccess',1249,1250),(627,602,NULL,NULL,'sweeper',1251,1252),(628,602,NULL,NULL,'validateReceivers',1253,1254),(629,602,NULL,NULL,'isAlive',1255,1256),(630,1,NULL,NULL,'Tags',1258,1311),(631,630,NULL,NULL,'index',1259,1260),(632,630,NULL,NULL,'add',1261,1262),(633,630,NULL,NULL,'edit',1263,1264),(634,630,NULL,NULL,'delete',1265,1266),(635,630,NULL,NULL,'uploadFiles',1267,1268),(636,630,NULL,NULL,'wav2mp3',1269,1270),(637,630,NULL,NULL,'wavDuration',1271,1272),(638,630,NULL,NULL,'getExt',1273,1274),(639,630,NULL,NULL,'getFilename',1275,1276),(640,630,NULL,NULL,'logRefresh',1277,1278),(641,630,NULL,NULL,'getTimezone',1279,1280),(642,630,NULL,NULL,'getPrefix',1281,1282),(643,630,NULL,NULL,'getLanguage',1283,1284),(644,630,NULL,NULL,'checkMyIp',1285,1286),(645,630,NULL,NULL,'getInstance',1287,1288),(646,630,NULL,NULL,'isActive',1289,1290),(647,630,NULL,NULL,'emptyDir',1291,1292),(648,630,NULL,NULL,'refreshAll',1293,1294),(649,630,NULL,NULL,'dateToString',1295,1296),(650,630,NULL,NULL,'headerGetStatus',1297,1298),(651,630,NULL,NULL,'getServiceName',1299,1300),(652,630,NULL,NULL,'getPhoneBooks',1301,1302),(653,630,NULL,NULL,'authAccess',1303,1304),(654,630,NULL,NULL,'sweeper',1305,1306),(655,630,NULL,NULL,'validateReceivers',1307,1308),(656,630,NULL,NULL,'isAlive',1309,1310),(657,1,NULL,NULL,'Users',1312,1371),(658,657,NULL,NULL,'login',1313,1314),(659,657,NULL,NULL,'logout',1315,1316),(660,657,NULL,NULL,'index',1317,1318),(661,657,NULL,NULL,'add',1319,1320),(662,657,NULL,NULL,'edit',1321,1322),(663,657,NULL,NULL,'delete',1323,1324),(664,657,NULL,NULL,'system_sweeper',1325,1326),(665,657,NULL,NULL,'uploadFiles',1327,1328),(666,657,NULL,NULL,'wav2mp3',1329,1330),(667,657,NULL,NULL,'wavDuration',1331,1332),(668,657,NULL,NULL,'getExt',1333,1334),(669,657,NULL,NULL,'getFilename',1335,1336),(670,657,NULL,NULL,'logRefresh',1337,1338),(671,657,NULL,NULL,'getTimezone',1339,1340),(672,657,NULL,NULL,'getPrefix',1341,1342),(673,657,NULL,NULL,'getLanguage',1343,1344),(674,657,NULL,NULL,'checkMyIp',1345,1346),(675,657,NULL,NULL,'getInstance',1347,1348),(676,657,NULL,NULL,'isActive',1349,1350),(677,657,NULL,NULL,'emptyDir',1351,1352),(678,657,NULL,NULL,'refreshAll',1353,1354),(679,657,NULL,NULL,'dateToString',1355,1356),(680,657,NULL,NULL,'headerGetStatus',1357,1358),(681,657,NULL,NULL,'getServiceName',1359,1360),(682,657,NULL,NULL,'getPhoneBooks',1361,1362),(683,657,NULL,NULL,'authAccess',1363,1364),(684,657,NULL,NULL,'sweeper',1365,1366),(685,657,NULL,NULL,'validateReceivers',1367,1368),(686,657,NULL,NULL,'isAlive',1369,1370),(687,1,NULL,NULL,'Votes',1372,1421),(688,687,NULL,NULL,'add',1373,1374),(689,687,NULL,NULL,'delete',1375,1376),(690,687,NULL,NULL,'uploadFiles',1377,1378),(691,687,NULL,NULL,'wav2mp3',1379,1380),(692,687,NULL,NULL,'wavDuration',1381,1382),(693,687,NULL,NULL,'getExt',1383,1384),(694,687,NULL,NULL,'getFilename',1385,1386),(695,687,NULL,NULL,'logRefresh',1387,1388),(696,687,NULL,NULL,'getTimezone',1389,1390),(697,687,NULL,NULL,'getPrefix',1391,1392),(698,687,NULL,NULL,'getLanguage',1393,1394),(699,687,NULL,NULL,'checkMyIp',1395,1396),(700,687,NULL,NULL,'getInstance',1397,1398),(701,687,NULL,NULL,'isActive',1399,1400),(702,687,NULL,NULL,'emptyDir',1401,1402),(703,687,NULL,NULL,'refreshAll',1403,1404),(704,687,NULL,NULL,'dateToString',1405,1406),(705,687,NULL,NULL,'headerGetStatus',1407,1408),(706,687,NULL,NULL,'getServiceName',1409,1410),(707,687,NULL,NULL,'getPhoneBooks',1411,1412),(708,687,NULL,NULL,'authAccess',1413,1414),(709,687,NULL,NULL,'sweeper',1415,1416),(710,687,NULL,NULL,'validateReceivers',1417,1418),(711,687,NULL,NULL,'isAlive',1419,1420),(712,1,NULL,NULL,'AclExtras',1422,1423),(713,1,NULL,NULL,'DebugKit',1424,1475),(714,713,NULL,NULL,'ToolbarAccess',1425,1474),(715,714,NULL,NULL,'history_state',1426,1427),(716,714,NULL,NULL,'sql_explain',1428,1429),(717,714,NULL,NULL,'uploadFiles',1430,1431),(718,714,NULL,NULL,'wav2mp3',1432,1433),(719,714,NULL,NULL,'wavDuration',1434,1435),(720,714,NULL,NULL,'getExt',1436,1437),(721,714,NULL,NULL,'getFilename',1438,1439),(722,714,NULL,NULL,'logRefresh',1440,1441),(723,714,NULL,NULL,'getTimezone',1442,1443),(724,714,NULL,NULL,'getPrefix',1444,1445),(725,714,NULL,NULL,'getLanguage',1446,1447),(726,714,NULL,NULL,'checkMyIp',1448,1449),(727,714,NULL,NULL,'getInstance',1450,1451),(728,714,NULL,NULL,'isActive',1452,1453),(729,714,NULL,NULL,'emptyDir',1454,1455),(730,714,NULL,NULL,'refreshAll',1456,1457),(731,714,NULL,NULL,'dateToString',1458,1459),(732,714,NULL,NULL,'headerGetStatus',1460,1461),(733,714,NULL,NULL,'getServiceName',1462,1463),(734,714,NULL,NULL,'getPhoneBooks',1464,1465),(735,714,NULL,NULL,'authAccess',1466,1467),(736,714,NULL,NULL,'sweeper',1468,1469),(737,714,NULL,NULL,'validateReceivers',1470,1471),(738,714,NULL,NULL,'isAlive',1472,1473);
/*!40000 ALTER TABLE `acos` ENABLE KEYS */;
UNLOCK TABLES;

--
-- Table structure for table `aros`
--

DROP TABLE IF EXISTS `aros`;
/*!40101 SET @saved_cs_client     = @@character_set_client */;
/*!40101 SET character_set_client = utf8 */;
CREATE TABLE `aros` (
  `id` int(10) NOT NULL AUTO_INCREMENT,
  `parent_id` int(10) DEFAULT NULL,
  `model` varchar(255) DEFAULT NULL,
  `foreign_key` int(10) DEFAULT NULL,
  `alias` varchar(255) DEFAULT NULL,
  `lft` int(10) DEFAULT NULL,
  `rght` int(10) DEFAULT NULL,
  PRIMARY KEY (`id`)
) ENGINE=InnoDB AUTO_INCREMENT=5 DEFAULT CHARSET=latin1;
/*!40101 SET character_set_client = @saved_cs_client */;

--
-- Dumping data for table `aros`
--

LOCK TABLES `aros` WRITE;
/*!40000 ALTER TABLE `aros` DISABLE KEYS */;
INSERT INTO `aros` VALUES (1,NULL,'Group',1,NULL,1,4),(2,NULL,'Group',2,NULL,5,8),(3,1,'User',1,NULL,2,3),(4,2,'User',2,NULL,6,7);
/*!40000 ALTER TABLE `aros` ENABLE KEYS */;
UNLOCK TABLES;

--
-- Table structure for table `aros_acos`
--

DROP TABLE IF EXISTS `aros_acos`;
/*!40101 SET @saved_cs_client     = @@character_set_client */;
/*!40101 SET character_set_client = utf8 */;
CREATE TABLE `aros_acos` (
  `id` int(10) NOT NULL AUTO_INCREMENT,
  `aro_id` int(10) NOT NULL,
  `aco_id` int(10) NOT NULL,
  `_create` varchar(2) NOT NULL DEFAULT '0',
  `_read` varchar(2) NOT NULL DEFAULT '0',
  `_update` varchar(2) NOT NULL DEFAULT '0',
  `_delete` varchar(2) NOT NULL DEFAULT '0',
  PRIMARY KEY (`id`),
  UNIQUE KEY `ARO_ACO_KEY` (`aro_id`,`aco_id`)
) ENGINE=InnoDB AUTO_INCREMENT=64 DEFAULT CHARSET=latin1;
/*!40101 SET character_set_client = @saved_cs_client */;

--
-- Dumping data for table `aros_acos`
--

LOCK TABLES `aros_acos` WRITE;
/*!40000 ALTER TABLE `aros_acos` DISABLE KEYS */;
INSERT INTO `aros_acos` VALUES (1,1,1,'1','1','1','1'),(2,2,1,'-1','-1','-1','-1'),(3,2,520,'-1','-1','-1','-1'),(4,2,522,'1','1','1','1'),(5,2,523,'1','1','1','1'),(6,2,521,'1','1','1','1'),(7,2,328,'-1','-1','-1','-1'),(8,2,330,'1','1','1','1'),(9,2,331,'1','1','1','1'),(10,2,332,'1','1','1','1'),(11,2,334,'1','1','1','1'),(12,2,333,'1','1','1','1'),(13,2,329,'1','1','1','1'),(14,2,128,'-1','-1','-1','-1'),(15,2,129,'1','1','1','1'),(16,2,630,'-1','-1','-1','-1'),(17,2,631,'1','1','1','1'),(18,2,271,'-1','-1','-1','-1'),(19,2,272,'1','1','1','1'),(20,2,67,'-1','-1','-1','-1'),(21,2,69,'1','1','1','1'),(22,2,68,'1','1','1','1'),(23,2,72,'1','1','1','1'),(24,2,70,'1','1','1','1'),(25,2,36,'-1','-1','-1','-1'),(26,2,37,'1','1','1','1'),(27,2,38,'1','1','1','1'),(28,2,42,'1','1','1','1'),(29,2,43,'1','1','1','1'),(30,2,602,'-1','-1','-1','-1'),(31,2,603,'1','1','1','1'),(32,2,239,'-1','-1','-1','-1'),(33,2,240,'1','1','1','1'),(34,2,246,'1','1','1','1'),(35,2,390,'-1','-1','-1','-1'),(36,2,391,'1','1','1','1'),(37,2,657,'-1','-1','-1','-1'),(38,2,660,'1','1','1','1'),(39,2,467,'-1','-1','-1','-1'),(40,2,468,'1','1','1','1'),(41,2,155,'-1','-1','-1','-1'),(42,2,158,'1','1','1','1'),(43,2,163,'1','1','1','1'),(44,2,157,'1','1','1','1'),(45,2,165,'1','1','1','1'),(46,2,156,'1','1','1','1'),(47,2,360,'-1','-1','-1','-1'),(48,2,361,'1','1','1','1'),(49,2,363,'1','1','1','1'),(50,2,550,'-1','-1','-1','-1'),(51,2,551,'1','1','1','1'),(52,2,555,'1','1','1','1'),(53,2,552,'1','1','1','1'),(54,2,578,'-1','-1','-1','-1'),(55,2,579,'1','1','1','1'),(56,2,188,'-1','-1','-1','-1'),(57,2,189,'1','1','1','1'),(58,2,191,'1','1','1','1'),(59,2,190,'1','1','1','1'),(60,2,418,'-1','-1','-1','-1'),(61,2,419,'1','1','1','1'),(62,2,303,'-1','-1','-1','-1'),(63,2,215,'-1','-1','-1','-1');
/*!40000 ALTER TABLE `aros_acos` ENABLE KEYS */;
UNLOCK TABLES;

--
-- Table structure for table `users`
--

DROP TABLE IF EXISTS `users`;
/*!40101 SET @saved_cs_client     = @@character_set_client */;
/*!40101 SET character_set_client = utf8 */;
CREATE TABLE `users` (
  `id` int(11) NOT NULL AUTO_INCREMENT,
  `username` varchar(255) NOT NULL,
  `password` varchar(48) DEFAULT NULL,
  `group_id` int(11) NOT NULL,
  `created` datetime DEFAULT NULL,
  `modified` datetime DEFAULT NULL,
  PRIMARY KEY (`id`),
  UNIQUE KEY `username` (`username`)
) ENGINE=MyISAM AUTO_INCREMENT=2 DEFAULT CHARSET=utf8;
/*!40101 SET character_set_client = @saved_cs_client */;

--
-- Dumping data for table `users`
--

LOCK TABLES `users` WRITE;
/*!40000 ALTER TABLE `users` DISABLE KEYS */;
INSERT INTO `users` VALUES (1,'admin','9e7534893a63717f108a3e628865dd230fbe442a',1,'2011-09-29 11:42:41','2011-09-29 11:42:41');
/*!40000 ALTER TABLE `users` ENABLE KEYS */;
UNLOCK TABLES;

--
-- Table structure for table `groups`
--

DROP TABLE IF EXISTS `groups`;
/*!40101 SET @saved_cs_client     = @@character_set_client */;
/*!40101 SET character_set_client = utf8 */;
CREATE TABLE `groups` (
  `id` int(11) NOT NULL AUTO_INCREMENT,
  `name` varchar(100) NOT NULL,
  `created` datetime DEFAULT NULL,
  `modified` datetime DEFAULT NULL,
  PRIMARY KEY (`id`)
) ENGINE=MyISAM AUTO_INCREMENT=3 DEFAULT CHARSET=utf8;
/*!40101 SET character_set_client = @saved_cs_client */;

--
-- Dumping data for table `groups`
--

LOCK TABLES `groups` WRITE;
/*!40000 ALTER TABLE `groups` DISABLE KEYS */;
INSERT INTO `groups` VALUES (1,'admin','2011-09-29 11:42:21','2011-09-29 11:42:21'),(2,'user','2011-09-29 11:42:26','2011-09-29 11:42:26');
/*!40000 ALTER TABLE `groups` ENABLE KEYS */;
UNLOCK TABLES;
/*!40103 SET TIME_ZONE=@OLD_TIME_ZONE */;

/*!40101 SET SQL_MODE=@OLD_SQL_MODE */;
/*!40014 SET FOREIGN_KEY_CHECKS=@OLD_FOREIGN_KEY_CHECKS */;
/*!40014 SET UNIQUE_CHECKS=@OLD_UNIQUE_CHECKS */;
/*!40101 SET CHARACTER_SET_CLIENT=@OLD_CHARACTER_SET_CLIENT */;
/*!40101 SET CHARACTER_SET_RESULTS=@OLD_CHARACTER_SET_RESULTS */;
/*!40101 SET COLLATION_CONNECTION=@OLD_COLLATION_CONNECTION */;
/*!40111 SET SQL_NOTES=@OLD_SQL_NOTES */;

-- Dump completed on 2014-01-26 22:19:21
