-- MySQL dump 10.13  Distrib 5.5.34, for debian-linux-gnu (i686)
--
-- Host: localhost    Database: freedomfone
-- ------------------------------------------------------
-- Server version	5.5.34-0ubuntu0.12.04.1-log

/*!40101 SET @OLD_CHARACTER_SET_CLIENT=@@CHARACTER_SET_CLIENT */;
/*!40101 SET @OLD_CHARACTER_SET_RESULTS=@@CHARACTER_SET_RESULTS */;
/*!40101 SET @OLD_COLLATION_CONNECTION=@@COLLATION_CONNECTION */;
/*!40101 SET NAMES utf8 */;
/*!40103 SET @OLD_TIME_ZONE=@@TIME_ZONE */;
/*!40103 SET TIME_ZONE='+00:00' */;
/*!40014 SET @OLD_UNIQUE_CHECKS=@@UNIQUE_CHECKS, UNIQUE_CHECKS=0 */;
/*!40014 SET @OLD_FOREIGN_KEY_CHECKS=@@FOREIGN_KEY_CHECKS, FOREIGN_KEY_CHECKS=0 */;
/*!40101 SET @OLD_SQL_MODE=@@SQL_MODE, SQL_MODE='NO_AUTO_VALUE_ON_ZERO' */;
/*!40111 SET @OLD_SQL_NOTES=@@SQL_NOTES, SQL_NOTES=0 */;

--
-- Table structure for table `aros`
--

DROP TABLE IF EXISTS `aros`;
/*!40101 SET @saved_cs_client     = @@character_set_client */;
/*!40101 SET character_set_client = utf8 */;
CREATE TABLE `aros` (
  `id` int(10) NOT NULL AUTO_INCREMENT,
  `parent_id` int(10) DEFAULT NULL,
  `model` varchar(255) DEFAULT NULL,
  `foreign_key` int(10) DEFAULT NULL,
  `alias` varchar(255) DEFAULT NULL,
  `lft` int(10) DEFAULT NULL,
  `rght` int(10) DEFAULT NULL,
  PRIMARY KEY (`id`)
) ENGINE=InnoDB AUTO_INCREMENT=5 DEFAULT CHARSET=latin1;
/*!40101 SET character_set_client = @saved_cs_client */;

--
-- Dumping data for table `aros`
--

LOCK TABLES `aros` WRITE;
/*!40000 ALTER TABLE `aros` DISABLE KEYS */;
INSERT INTO `aros` VALUES (1,NULL,'Group',1,NULL,1,4),(2,NULL,'Group',2,NULL,5,8),(3,1,'User',1,NULL,2,3),(4,2,'User',2,NULL,6,7);
/*!40000 ALTER TABLE `aros` ENABLE KEYS */;
UNLOCK TABLES;

--
-- Table structure for table `acos`
--

DROP TABLE IF EXISTS `acos`;
/*!40101 SET @saved_cs_client     = @@character_set_client */;
/*!40101 SET character_set_client = utf8 */;
CREATE TABLE `acos` (
  `id` int(10) NOT NULL AUTO_INCREMENT,
  `parent_id` int(10) DEFAULT NULL,
  `model` varchar(255) DEFAULT NULL,
  `foreign_key` int(10) DEFAULT NULL,
  `alias` varchar(255) DEFAULT NULL,
  `lft` int(10) DEFAULT NULL,
  `rght` int(10) DEFAULT NULL,
  PRIMARY KEY (`id`)
) ENGINE=InnoDB AUTO_INCREMENT=712 DEFAULT CHARSET=latin1;
/*!40101 SET character_set_client = @saved_cs_client */;

--
-- Dumping data for table `acos`
--

LOCK TABLES `acos` WRITE;
/*!40000 ALTER TABLE `acos` DISABLE KEYS */;
INSERT INTO `acos` VALUES (1,NULL,NULL,NULL,'controllers',1,1422),(2,1,NULL,NULL,'Api',2,67),(3,2,NULL,NULL,'get',3,4),(4,2,NULL,NULL,'bin',5,6),(5,2,NULL,NULL,'polls',7,8),(6,2,NULL,NULL,'lm_menus',9,10),(7,2,NULL,NULL,'messages',11,12),(8,2,NULL,NULL,'categories',13,14),(9,2,NULL,NULL,'tags',15,16),(10,2,NULL,NULL,'cdr',17,18),(11,2,NULL,NULL,'services',19,20),(12,2,NULL,NULL,'users',21,22),(13,2,NULL,NULL,'system',23,24),(14,2,NULL,NULL,'uploadFiles',25,26),(15,2,NULL,NULL,'wav2mp3',27,28),(16,2,NULL,NULL,'wavDuration',29,30),(17,2,NULL,NULL,'getExt',31,32),(18,2,NULL,NULL,'getFilename',33,34),(19,2,NULL,NULL,'logRefresh',35,36),(20,2,NULL,NULL,'getTimezone',37,38),(21,2,NULL,NULL,'getPrefix',39,40),(22,2,NULL,NULL,'getLanguage',41,42),(23,2,NULL,NULL,'checkMyIp',43,44),(24,2,NULL,NULL,'getInstance',45,46),(25,2,NULL,NULL,'isActive',47,48),(26,2,NULL,NULL,'emptyDir',49,50),(27,2,NULL,NULL,'refreshAll',51,52),(28,2,NULL,NULL,'dateToString',53,54),(29,2,NULL,NULL,'headerGetStatus',55,56),(30,2,NULL,NULL,'getServiceName',57,58),(31,2,NULL,NULL,'getPhoneBooks',59,60),(32,2,NULL,NULL,'authAccess',61,62),(33,2,NULL,NULL,'sweeper',63,64),(34,2,NULL,NULL,'validateReceivers',65,66),(35,1,NULL,NULL,'Batches',68,121),(36,35,NULL,NULL,'index',69,70),(37,35,NULL,NULL,'disp',71,72),(38,35,NULL,NULL,'method',73,74),(39,35,NULL,NULL,'add',75,76),(40,35,NULL,NULL,'delete',77,78),(41,35,NULL,NULL,'uploadFiles',79,80),(42,35,NULL,NULL,'wav2mp3',81,82),(43,35,NULL,NULL,'wavDuration',83,84),(44,35,NULL,NULL,'getExt',85,86),(45,35,NULL,NULL,'getFilename',87,88),(46,35,NULL,NULL,'logRefresh',89,90),(47,35,NULL,NULL,'getTimezone',91,92),(48,35,NULL,NULL,'getPrefix',93,94),(49,35,NULL,NULL,'getLanguage',95,96),(50,35,NULL,NULL,'checkMyIp',97,98),(51,35,NULL,NULL,'getInstance',99,100),(52,35,NULL,NULL,'isActive',101,102),(53,35,NULL,NULL,'emptyDir',103,104),(54,35,NULL,NULL,'refreshAll',105,106),(55,35,NULL,NULL,'dateToString',107,108),(56,35,NULL,NULL,'headerGetStatus',109,110),(57,35,NULL,NULL,'getServiceName',111,112),(58,35,NULL,NULL,'getPhoneBooks',113,114),(59,35,NULL,NULL,'authAccess',115,116),(60,35,NULL,NULL,'sweeper',117,118),(61,35,NULL,NULL,'validateReceivers',119,120),(62,1,NULL,NULL,'Bin',122,179),(63,62,NULL,NULL,'refresh',123,124),(64,62,NULL,NULL,'index',125,126),(65,62,NULL,NULL,'disp',127,128),(66,62,NULL,NULL,'process',129,130),(67,62,NULL,NULL,'delete',131,132),(68,62,NULL,NULL,'export',133,134),(69,62,NULL,NULL,'outgoing',135,136),(70,62,NULL,NULL,'uploadFiles',137,138),(71,62,NULL,NULL,'wav2mp3',139,140),(72,62,NULL,NULL,'wavDuration',141,142),(73,62,NULL,NULL,'getExt',143,144),(74,62,NULL,NULL,'getFilename',145,146),(75,62,NULL,NULL,'logRefresh',147,148),(76,62,NULL,NULL,'getTimezone',149,150),(77,62,NULL,NULL,'getPrefix',151,152),(78,62,NULL,NULL,'getLanguage',153,154),(79,62,NULL,NULL,'checkMyIp',155,156),(80,62,NULL,NULL,'getInstance',157,158),(81,62,NULL,NULL,'isActive',159,160),(82,62,NULL,NULL,'emptyDir',161,162),(83,62,NULL,NULL,'refreshAll',163,164),(84,62,NULL,NULL,'dateToString',165,166),(85,62,NULL,NULL,'headerGetStatus',167,168),(86,62,NULL,NULL,'getServiceName',169,170),(87,62,NULL,NULL,'getPhoneBooks',171,172),(88,62,NULL,NULL,'authAccess',173,174),(89,62,NULL,NULL,'sweeper',175,176),(90,62,NULL,NULL,'validateReceivers',177,178),(91,1,NULL,NULL,'Callers',180,239),(92,91,NULL,NULL,'refresh',181,182),(93,91,NULL,NULL,'index',183,184),(94,91,NULL,NULL,'view',185,186),(95,91,NULL,NULL,'edit',187,188),(96,91,NULL,NULL,'delete',189,190),(97,91,NULL,NULL,'process',191,192),(98,91,NULL,NULL,'add',193,194),(99,91,NULL,NULL,'disp',195,196),(100,91,NULL,NULL,'uploadFiles',197,198),(101,91,NULL,NULL,'wav2mp3',199,200),(102,91,NULL,NULL,'wavDuration',201,202),(103,91,NULL,NULL,'getExt',203,204),(104,91,NULL,NULL,'getFilename',205,206),(105,91,NULL,NULL,'logRefresh',207,208),(106,91,NULL,NULL,'getTimezone',209,210),(107,91,NULL,NULL,'getPrefix',211,212),(108,91,NULL,NULL,'getLanguage',213,214),(109,91,NULL,NULL,'checkMyIp',215,216),(110,91,NULL,NULL,'getInstance',217,218),(111,91,NULL,NULL,'isActive',219,220),(112,91,NULL,NULL,'emptyDir',221,222),(113,91,NULL,NULL,'refreshAll',223,224),(114,91,NULL,NULL,'dateToString',225,226),(115,91,NULL,NULL,'headerGetStatus',227,228),(116,91,NULL,NULL,'getServiceName',229,230),(117,91,NULL,NULL,'getPhoneBooks',231,232),(118,91,NULL,NULL,'authAccess',233,234),(119,91,NULL,NULL,'sweeper',235,236),(120,91,NULL,NULL,'validateReceivers',237,238),(121,1,NULL,NULL,'Categories',240,291),(122,121,NULL,NULL,'index',241,242),(123,121,NULL,NULL,'add',243,244),(124,121,NULL,NULL,'edit',245,246),(125,121,NULL,NULL,'delete',247,248),(126,121,NULL,NULL,'uploadFiles',249,250),(127,121,NULL,NULL,'wav2mp3',251,252),(128,121,NULL,NULL,'wavDuration',253,254),(129,121,NULL,NULL,'getExt',255,256),(130,121,NULL,NULL,'getFilename',257,258),(131,121,NULL,NULL,'logRefresh',259,260),(132,121,NULL,NULL,'getTimezone',261,262),(133,121,NULL,NULL,'getPrefix',263,264),(134,121,NULL,NULL,'getLanguage',265,266),(135,121,NULL,NULL,'checkMyIp',267,268),(136,121,NULL,NULL,'getInstance',269,270),(137,121,NULL,NULL,'isActive',271,272),(138,121,NULL,NULL,'emptyDir',273,274),(139,121,NULL,NULL,'refreshAll',275,276),(140,121,NULL,NULL,'dateToString',277,278),(141,121,NULL,NULL,'headerGetStatus',279,280),(142,121,NULL,NULL,'getServiceName',281,282),(143,121,NULL,NULL,'getPhoneBooks',283,284),(144,121,NULL,NULL,'authAccess',285,286),(145,121,NULL,NULL,'sweeper',287,288),(146,121,NULL,NULL,'validateReceivers',289,290),(147,1,NULL,NULL,'Cdr',292,355),(148,147,NULL,NULL,'refresh',293,294),(149,147,NULL,NULL,'general',295,296),(150,147,NULL,NULL,'index',297,298),(151,147,NULL,NULL,'del',299,300),(152,147,NULL,NULL,'process',301,302),(153,147,NULL,NULL,'output',303,304),(154,147,NULL,NULL,'export',305,306),(155,147,NULL,NULL,'statistics',307,308),(156,147,NULL,NULL,'delete',309,310),(157,147,NULL,NULL,'overview',311,312),(158,147,NULL,NULL,'uploadFiles',313,314),(159,147,NULL,NULL,'wav2mp3',315,316),(160,147,NULL,NULL,'wavDuration',317,318),(161,147,NULL,NULL,'getExt',319,320),(162,147,NULL,NULL,'getFilename',321,322),(163,147,NULL,NULL,'logRefresh',323,324),(164,147,NULL,NULL,'getTimezone',325,326),(165,147,NULL,NULL,'getPrefix',327,328),(166,147,NULL,NULL,'getLanguage',329,330),(167,147,NULL,NULL,'checkMyIp',331,332),(168,147,NULL,NULL,'getInstance',333,334),(169,147,NULL,NULL,'isActive',335,336),(170,147,NULL,NULL,'emptyDir',337,338),(171,147,NULL,NULL,'refreshAll',339,340),(172,147,NULL,NULL,'dateToString',341,342),(173,147,NULL,NULL,'headerGetStatus',343,344),(174,147,NULL,NULL,'getServiceName',345,346),(175,147,NULL,NULL,'getPhoneBooks',347,348),(176,147,NULL,NULL,'authAccess',349,350),(177,147,NULL,NULL,'sweeper',351,352),(178,147,NULL,NULL,'validateReceivers',353,354),(179,1,NULL,NULL,'Channels',356,407),(180,179,NULL,NULL,'index',357,358),(181,179,NULL,NULL,'audio_services',359,360),(182,179,NULL,NULL,'refresh',361,362),(183,179,NULL,NULL,'edit',363,364),(184,179,NULL,NULL,'uploadFiles',365,366),(185,179,NULL,NULL,'wav2mp3',367,368),(186,179,NULL,NULL,'wavDuration',369,370),(187,179,NULL,NULL,'getExt',371,372),(188,179,NULL,NULL,'getFilename',373,374),(189,179,NULL,NULL,'logRefresh',375,376),(190,179,NULL,NULL,'getTimezone',377,378),(191,179,NULL,NULL,'getPrefix',379,380),(192,179,NULL,NULL,'getLanguage',381,382),(193,179,NULL,NULL,'checkMyIp',383,384),(194,179,NULL,NULL,'getInstance',385,386),(195,179,NULL,NULL,'isActive',387,388),(196,179,NULL,NULL,'emptyDir',389,390),(197,179,NULL,NULL,'refreshAll',391,392),(198,179,NULL,NULL,'dateToString',393,394),(199,179,NULL,NULL,'headerGetStatus',395,396),(200,179,NULL,NULL,'getServiceName',397,398),(201,179,NULL,NULL,'getPhoneBooks',399,400),(202,179,NULL,NULL,'authAccess',401,402),(203,179,NULL,NULL,'sweeper',403,404),(204,179,NULL,NULL,'validateReceivers',405,406),(205,1,NULL,NULL,'Groups',408,453),(206,205,NULL,NULL,'index',409,410),(207,205,NULL,NULL,'uploadFiles',411,412),(208,205,NULL,NULL,'wav2mp3',413,414),(209,205,NULL,NULL,'wavDuration',415,416),(210,205,NULL,NULL,'getExt',417,418),(211,205,NULL,NULL,'getFilename',419,420),(212,205,NULL,NULL,'logRefresh',421,422),(213,205,NULL,NULL,'getTimezone',423,424),(214,205,NULL,NULL,'getPrefix',425,426),(215,205,NULL,NULL,'getLanguage',427,428),(216,205,NULL,NULL,'checkMyIp',429,430),(217,205,NULL,NULL,'getInstance',431,432),(218,205,NULL,NULL,'isActive',433,434),(219,205,NULL,NULL,'emptyDir',435,436),(220,205,NULL,NULL,'refreshAll',437,438),(221,205,NULL,NULL,'dateToString',439,440),(222,205,NULL,NULL,'headerGetStatus',441,442),(223,205,NULL,NULL,'getServiceName',443,444),(224,205,NULL,NULL,'getPhoneBooks',445,446),(225,205,NULL,NULL,'authAccess',447,448),(226,205,NULL,NULL,'sweeper',449,450),(227,205,NULL,NULL,'validateReceivers',451,452),(228,1,NULL,NULL,'IvrMenus',454,515),(229,228,NULL,NULL,'index',455,456),(230,228,NULL,NULL,'add',457,458),(231,228,NULL,NULL,'add_selector',459,460),(232,228,NULL,NULL,'edit',461,462),(233,228,NULL,NULL,'delete',463,464),(234,228,NULL,NULL,'download',465,466),(235,228,NULL,NULL,'selectors',467,468),(236,228,NULL,NULL,'edit_selector',469,470),(237,228,NULL,NULL,'disp',471,472),(238,228,NULL,NULL,'uploadFiles',473,474),(239,228,NULL,NULL,'wav2mp3',475,476),(240,228,NULL,NULL,'wavDuration',477,478),(241,228,NULL,NULL,'getExt',479,480),(242,228,NULL,NULL,'getFilename',481,482),(243,228,NULL,NULL,'logRefresh',483,484),(244,228,NULL,NULL,'getTimezone',485,486),(245,228,NULL,NULL,'getPrefix',487,488),(246,228,NULL,NULL,'getLanguage',489,490),(247,228,NULL,NULL,'checkMyIp',491,492),(248,228,NULL,NULL,'getInstance',493,494),(249,228,NULL,NULL,'isActive',495,496),(250,228,NULL,NULL,'emptyDir',497,498),(251,228,NULL,NULL,'refreshAll',499,500),(252,228,NULL,NULL,'dateToString',501,502),(253,228,NULL,NULL,'headerGetStatus',503,504),(254,228,NULL,NULL,'getServiceName',505,506),(255,228,NULL,NULL,'getPhoneBooks',507,508),(256,228,NULL,NULL,'authAccess',509,510),(257,228,NULL,NULL,'sweeper',511,512),(258,228,NULL,NULL,'validateReceivers',513,514),(259,1,NULL,NULL,'LmMenus',516,577),(260,259,NULL,NULL,'index',517,518),(261,259,NULL,NULL,'create',519,520),(262,259,NULL,NULL,'add',521,522),(263,259,NULL,NULL,'edit',523,524),(264,259,NULL,NULL,'download',525,526),(265,259,NULL,NULL,'delete',527,528),(266,259,NULL,NULL,'export',529,530),(267,259,NULL,NULL,'advanced_edit',531,532),(268,259,NULL,NULL,'advanced_add',533,534),(269,259,NULL,NULL,'uploadFiles',535,536),(270,259,NULL,NULL,'wav2mp3',537,538),(271,259,NULL,NULL,'wavDuration',539,540),(272,259,NULL,NULL,'getExt',541,542),(273,259,NULL,NULL,'getFilename',543,544),(274,259,NULL,NULL,'logRefresh',545,546),(275,259,NULL,NULL,'getTimezone',547,548),(276,259,NULL,NULL,'getPrefix',549,550),(277,259,NULL,NULL,'getLanguage',551,552),(278,259,NULL,NULL,'checkMyIp',553,554),(279,259,NULL,NULL,'getInstance',555,556),(280,259,NULL,NULL,'isActive',557,558),(281,259,NULL,NULL,'emptyDir',559,560),(282,259,NULL,NULL,'refreshAll',561,562),(283,259,NULL,NULL,'dateToString',563,564),(284,259,NULL,NULL,'headerGetStatus',565,566),(285,259,NULL,NULL,'getServiceName',567,568),(286,259,NULL,NULL,'getPhoneBooks',569,570),(287,259,NULL,NULL,'authAccess',571,572),(288,259,NULL,NULL,'sweeper',573,574),(289,259,NULL,NULL,'validateReceivers',575,576),(290,1,NULL,NULL,'Logs',578,625),(291,290,NULL,NULL,'index',579,580),(292,290,NULL,NULL,'disp',581,582),(293,290,NULL,NULL,'uploadFiles',583,584),(294,290,NULL,NULL,'wav2mp3',585,586),(295,290,NULL,NULL,'wavDuration',587,588),(296,290,NULL,NULL,'getExt',589,590),(297,290,NULL,NULL,'getFilename',591,592),(298,290,NULL,NULL,'logRefresh',593,594),(299,290,NULL,NULL,'getTimezone',595,596),(300,290,NULL,NULL,'getPrefix',597,598),(301,290,NULL,NULL,'getLanguage',599,600),(302,290,NULL,NULL,'checkMyIp',601,602),(303,290,NULL,NULL,'getInstance',603,604),(304,290,NULL,NULL,'isActive',605,606),(305,290,NULL,NULL,'emptyDir',607,608),(306,290,NULL,NULL,'refreshAll',609,610),(307,290,NULL,NULL,'dateToString',611,612),(308,290,NULL,NULL,'headerGetStatus',613,614),(309,290,NULL,NULL,'getServiceName',615,616),(310,290,NULL,NULL,'getPhoneBooks',617,618),(311,290,NULL,NULL,'authAccess',619,620),(312,290,NULL,NULL,'sweeper',621,622),(313,290,NULL,NULL,'validateReceivers',623,624),(314,1,NULL,NULL,'Messages',626,687),(315,314,NULL,NULL,'refresh',627,628),(316,314,NULL,NULL,'index',629,630),(317,314,NULL,NULL,'disp',631,632),(318,314,NULL,NULL,'archive',633,634),(319,314,NULL,NULL,'view',635,636),(320,314,NULL,NULL,'edit',637,638),(321,314,NULL,NULL,'delete',639,640),(322,314,NULL,NULL,'process',641,642),(323,314,NULL,NULL,'download',643,644),(324,314,NULL,NULL,'uploadFiles',645,646),(325,314,NULL,NULL,'wav2mp3',647,648),(326,314,NULL,NULL,'wavDuration',649,650),(327,314,NULL,NULL,'getExt',651,652),(328,314,NULL,NULL,'getFilename',653,654),(329,314,NULL,NULL,'logRefresh',655,656),(330,314,NULL,NULL,'getTimezone',657,658),(331,314,NULL,NULL,'getPrefix',659,660),(332,314,NULL,NULL,'getLanguage',661,662),(333,314,NULL,NULL,'checkMyIp',663,664),(334,314,NULL,NULL,'getInstance',665,666),(335,314,NULL,NULL,'isActive',667,668),(336,314,NULL,NULL,'emptyDir',669,670),(337,314,NULL,NULL,'refreshAll',671,672),(338,314,NULL,NULL,'dateToString',673,674),(339,314,NULL,NULL,'headerGetStatus',675,676),(340,314,NULL,NULL,'getServiceName',677,678),(341,314,NULL,NULL,'getPhoneBooks',679,680),(342,314,NULL,NULL,'authAccess',681,682),(343,314,NULL,NULL,'sweeper',683,684),(344,314,NULL,NULL,'validateReceivers',685,686),(345,1,NULL,NULL,'MonitorIvr',688,745),(346,345,NULL,NULL,'index',689,690),(347,345,NULL,NULL,'del',691,692),(348,345,NULL,NULL,'refresh',693,694),(349,345,NULL,NULL,'process',695,696),(350,345,NULL,NULL,'export',697,698),(351,345,NULL,NULL,'output',699,700),(352,345,NULL,NULL,'delete',701,702),(353,345,NULL,NULL,'uploadFiles',703,704),(354,345,NULL,NULL,'wav2mp3',705,706),(355,345,NULL,NULL,'wavDuration',707,708),(356,345,NULL,NULL,'getExt',709,710),(357,345,NULL,NULL,'getFilename',711,712),(358,345,NULL,NULL,'logRefresh',713,714),(359,345,NULL,NULL,'getTimezone',715,716),(360,345,NULL,NULL,'getPrefix',717,718),(361,345,NULL,NULL,'getLanguage',719,720),(362,345,NULL,NULL,'checkMyIp',721,722),(363,345,NULL,NULL,'getInstance',723,724),(364,345,NULL,NULL,'isActive',725,726),(365,345,NULL,NULL,'emptyDir',727,728),(366,345,NULL,NULL,'refreshAll',729,730),(367,345,NULL,NULL,'dateToString',731,732),(368,345,NULL,NULL,'headerGetStatus',733,734),(369,345,NULL,NULL,'getServiceName',735,736),(370,345,NULL,NULL,'getPhoneBooks',737,738),(371,345,NULL,NULL,'authAccess',739,740),(372,345,NULL,NULL,'sweeper',741,742),(373,345,NULL,NULL,'validateReceivers',743,744),(374,1,NULL,NULL,'Nodes',746,799),(375,374,NULL,NULL,'index',747,748),(376,374,NULL,NULL,'add',749,750),(377,374,NULL,NULL,'delete',751,752),(378,374,NULL,NULL,'edit',753,754),(379,374,NULL,NULL,'download',755,756),(380,374,NULL,NULL,'uploadFiles',757,758),(381,374,NULL,NULL,'wav2mp3',759,760),(382,374,NULL,NULL,'wavDuration',761,762),(383,374,NULL,NULL,'getExt',763,764),(384,374,NULL,NULL,'getFilename',765,766),(385,374,NULL,NULL,'logRefresh',767,768),(386,374,NULL,NULL,'getTimezone',769,770),(387,374,NULL,NULL,'getPrefix',771,772),(388,374,NULL,NULL,'getLanguage',773,774),(389,374,NULL,NULL,'checkMyIp',775,776),(390,374,NULL,NULL,'getInstance',777,778),(391,374,NULL,NULL,'isActive',779,780),(392,374,NULL,NULL,'emptyDir',781,782),(393,374,NULL,NULL,'refreshAll',783,784),(394,374,NULL,NULL,'dateToString',785,786),(395,374,NULL,NULL,'headerGetStatus',787,788),(396,374,NULL,NULL,'getServiceName',789,790),(397,374,NULL,NULL,'getPhoneBooks',791,792),(398,374,NULL,NULL,'authAccess',793,794),(399,374,NULL,NULL,'sweeper',795,796),(400,374,NULL,NULL,'validateReceivers',797,798),(401,1,NULL,NULL,'OfficeRoute',800,847),(402,401,NULL,NULL,'refresh',801,802),(403,401,NULL,NULL,'edit',803,804),(404,401,NULL,NULL,'uploadFiles',805,806),(405,401,NULL,NULL,'wav2mp3',807,808),(406,401,NULL,NULL,'wavDuration',809,810),(407,401,NULL,NULL,'getExt',811,812),(408,401,NULL,NULL,'getFilename',813,814),(409,401,NULL,NULL,'logRefresh',815,816),(410,401,NULL,NULL,'getTimezone',817,818),(411,401,NULL,NULL,'getPrefix',819,820),(412,401,NULL,NULL,'getLanguage',821,822),(413,401,NULL,NULL,'checkMyIp',823,824),(414,401,NULL,NULL,'getInstance',825,826),(415,401,NULL,NULL,'isActive',827,828),(416,401,NULL,NULL,'emptyDir',829,830),(417,401,NULL,NULL,'refreshAll',831,832),(418,401,NULL,NULL,'dateToString',833,834),(419,401,NULL,NULL,'headerGetStatus',835,836),(420,401,NULL,NULL,'getServiceName',837,838),(421,401,NULL,NULL,'getPhoneBooks',839,840),(422,401,NULL,NULL,'authAccess',841,842),(423,401,NULL,NULL,'sweeper',843,844),(424,401,NULL,NULL,'validateReceivers',845,846),(425,1,NULL,NULL,'Pages',848,893),(426,425,NULL,NULL,'display',849,850),(427,425,NULL,NULL,'uploadFiles',851,852),(428,425,NULL,NULL,'wav2mp3',853,854),(429,425,NULL,NULL,'wavDuration',855,856),(430,425,NULL,NULL,'getExt',857,858),(431,425,NULL,NULL,'getFilename',859,860),(432,425,NULL,NULL,'logRefresh',861,862),(433,425,NULL,NULL,'getTimezone',863,864),(434,425,NULL,NULL,'getPrefix',865,866),(435,425,NULL,NULL,'getLanguage',867,868),(436,425,NULL,NULL,'checkMyIp',869,870),(437,425,NULL,NULL,'getInstance',871,872),(438,425,NULL,NULL,'isActive',873,874),(439,425,NULL,NULL,'emptyDir',875,876),(440,425,NULL,NULL,'refreshAll',877,878),(441,425,NULL,NULL,'dateToString',879,880),(442,425,NULL,NULL,'headerGetStatus',881,882),(443,425,NULL,NULL,'getServiceName',883,884),(444,425,NULL,NULL,'getPhoneBooks',885,886),(445,425,NULL,NULL,'authAccess',887,888),(446,425,NULL,NULL,'sweeper',889,890),(447,425,NULL,NULL,'validateReceivers',891,892),(448,1,NULL,NULL,'PhoneBooks',894,947),(449,448,NULL,NULL,'index',895,896),(450,448,NULL,NULL,'add',897,898),(451,448,NULL,NULL,'edit',899,900),(452,448,NULL,NULL,'delete',901,902),(453,448,NULL,NULL,'export',903,904),(454,448,NULL,NULL,'uploadFiles',905,906),(455,448,NULL,NULL,'wav2mp3',907,908),(456,448,NULL,NULL,'wavDuration',909,910),(457,448,NULL,NULL,'getExt',911,912),(458,448,NULL,NULL,'getFilename',913,914),(459,448,NULL,NULL,'logRefresh',915,916),(460,448,NULL,NULL,'getTimezone',917,918),(461,448,NULL,NULL,'getPrefix',919,920),(462,448,NULL,NULL,'getLanguage',921,922),(463,448,NULL,NULL,'checkMyIp',923,924),(464,448,NULL,NULL,'getInstance',925,926),(465,448,NULL,NULL,'isActive',927,928),(466,448,NULL,NULL,'emptyDir',929,930),(467,448,NULL,NULL,'refreshAll',931,932),(468,448,NULL,NULL,'dateToString',933,934),(469,448,NULL,NULL,'headerGetStatus',935,936),(470,448,NULL,NULL,'getServiceName',937,938),(471,448,NULL,NULL,'getPhoneBooks',939,940),(472,448,NULL,NULL,'authAccess',941,942),(473,448,NULL,NULL,'sweeper',943,944),(474,448,NULL,NULL,'validateReceivers',945,946),(475,1,NULL,NULL,'PhoneNumbers',948,995),(476,475,NULL,NULL,'add',949,950),(477,475,NULL,NULL,'delete',951,952),(478,475,NULL,NULL,'uploadFiles',953,954),(479,475,NULL,NULL,'wav2mp3',955,956),(480,475,NULL,NULL,'wavDuration',957,958),(481,475,NULL,NULL,'getExt',959,960),(482,475,NULL,NULL,'getFilename',961,962),(483,475,NULL,NULL,'logRefresh',963,964),(484,475,NULL,NULL,'getTimezone',965,966),(485,475,NULL,NULL,'getPrefix',967,968),(486,475,NULL,NULL,'getLanguage',969,970),(487,475,NULL,NULL,'checkMyIp',971,972),(488,475,NULL,NULL,'getInstance',973,974),(489,475,NULL,NULL,'isActive',975,976),(490,475,NULL,NULL,'emptyDir',977,978),(491,475,NULL,NULL,'refreshAll',979,980),(492,475,NULL,NULL,'dateToString',981,982),(493,475,NULL,NULL,'headerGetStatus',983,984),(494,475,NULL,NULL,'getServiceName',985,986),(495,475,NULL,NULL,'getPhoneBooks',987,988),(496,475,NULL,NULL,'authAccess',989,990),(497,475,NULL,NULL,'sweeper',991,992),(498,475,NULL,NULL,'validateReceivers',993,994),(499,1,NULL,NULL,'Polls',996,1053),(500,499,NULL,NULL,'refresh',997,998),(501,499,NULL,NULL,'index',999,1000),(502,499,NULL,NULL,'view',1001,1002),(503,499,NULL,NULL,'add',1003,1004),(504,499,NULL,NULL,'delete',1005,1006),(505,499,NULL,NULL,'unlink',1007,1008),(506,499,NULL,NULL,'edit',1009,1010),(507,499,NULL,NULL,'uploadFiles',1011,1012),(508,499,NULL,NULL,'wav2mp3',1013,1014),(509,499,NULL,NULL,'wavDuration',1015,1016),(510,499,NULL,NULL,'getExt',1017,1018),(511,499,NULL,NULL,'getFilename',1019,1020),(512,499,NULL,NULL,'logRefresh',1021,1022),(513,499,NULL,NULL,'getTimezone',1023,1024),(514,499,NULL,NULL,'getPrefix',1025,1026),(515,499,NULL,NULL,'getLanguage',1027,1028),(516,499,NULL,NULL,'checkMyIp',1029,1030),(517,499,NULL,NULL,'getInstance',1031,1032),(518,499,NULL,NULL,'isActive',1033,1034),(519,499,NULL,NULL,'emptyDir',1035,1036),(520,499,NULL,NULL,'refreshAll',1037,1038),(521,499,NULL,NULL,'dateToString',1039,1040),(522,499,NULL,NULL,'headerGetStatus',1041,1042),(523,499,NULL,NULL,'getServiceName',1043,1044),(524,499,NULL,NULL,'getPhoneBooks',1045,1046),(525,499,NULL,NULL,'authAccess',1047,1048),(526,499,NULL,NULL,'sweeper',1049,1050),(527,499,NULL,NULL,'validateReceivers',1051,1052),(528,1,NULL,NULL,'Processes',1054,1107),(529,528,NULL,NULL,'index',1055,1056),(530,528,NULL,NULL,'system',1057,1058),(531,528,NULL,NULL,'start',1059,1060),(532,528,NULL,NULL,'stop',1061,1062),(533,528,NULL,NULL,'refresh',1063,1064),(534,528,NULL,NULL,'uploadFiles',1065,1066),(535,528,NULL,NULL,'wav2mp3',1067,1068),(536,528,NULL,NULL,'wavDuration',1069,1070),(537,528,NULL,NULL,'getExt',1071,1072),(538,528,NULL,NULL,'getFilename',1073,1074),(539,528,NULL,NULL,'logRefresh',1075,1076),(540,528,NULL,NULL,'getTimezone',1077,1078),(541,528,NULL,NULL,'getPrefix',1079,1080),(542,528,NULL,NULL,'getLanguage',1081,1082),(543,528,NULL,NULL,'checkMyIp',1083,1084),(544,528,NULL,NULL,'getInstance',1085,1086),(545,528,NULL,NULL,'isActive',1087,1088),(546,528,NULL,NULL,'emptyDir',1089,1090),(547,528,NULL,NULL,'refreshAll',1091,1092),(548,528,NULL,NULL,'dateToString',1093,1094),(549,528,NULL,NULL,'headerGetStatus',1095,1096),(550,528,NULL,NULL,'getServiceName',1097,1098),(551,528,NULL,NULL,'getPhoneBooks',1099,1100),(552,528,NULL,NULL,'authAccess',1101,1102),(553,528,NULL,NULL,'sweeper',1103,1104),(554,528,NULL,NULL,'validateReceivers',1105,1106),(555,1,NULL,NULL,'Settings',1108,1153),(556,555,NULL,NULL,'index',1109,1110),(557,555,NULL,NULL,'uploadFiles',1111,1112),(558,555,NULL,NULL,'wav2mp3',1113,1114),(559,555,NULL,NULL,'wavDuration',1115,1116),(560,555,NULL,NULL,'getExt',1117,1118),(561,555,NULL,NULL,'getFilename',1119,1120),(562,555,NULL,NULL,'logRefresh',1121,1122),(563,555,NULL,NULL,'getTimezone',1123,1124),(564,555,NULL,NULL,'getPrefix',1125,1126),(565,555,NULL,NULL,'getLanguage',1127,1128),(566,555,NULL,NULL,'checkMyIp',1129,1130),(567,555,NULL,NULL,'getInstance',1131,1132),(568,555,NULL,NULL,'isActive',1133,1134),(569,555,NULL,NULL,'emptyDir',1135,1136),(570,555,NULL,NULL,'refreshAll',1137,1138),(571,555,NULL,NULL,'dateToString',1139,1140),(572,555,NULL,NULL,'headerGetStatus',1141,1142),(573,555,NULL,NULL,'getServiceName',1143,1144),(574,555,NULL,NULL,'getPhoneBooks',1145,1146),(575,555,NULL,NULL,'authAccess',1147,1148),(576,555,NULL,NULL,'sweeper',1149,1150),(577,555,NULL,NULL,'validateReceivers',1151,1152),(578,1,NULL,NULL,'SmsGateways',1154,1207),(579,578,NULL,NULL,'index',1155,1156),(580,578,NULL,NULL,'disp',1157,1158),(581,578,NULL,NULL,'add',1159,1160),(582,578,NULL,NULL,'edit',1161,1162),(583,578,NULL,NULL,'delete',1163,1164),(584,578,NULL,NULL,'uploadFiles',1165,1166),(585,578,NULL,NULL,'wav2mp3',1167,1168),(586,578,NULL,NULL,'wavDuration',1169,1170),(587,578,NULL,NULL,'getExt',1171,1172),(588,578,NULL,NULL,'getFilename',1173,1174),(589,578,NULL,NULL,'logRefresh',1175,1176),(590,578,NULL,NULL,'getTimezone',1177,1178),(591,578,NULL,NULL,'getPrefix',1179,1180),(592,578,NULL,NULL,'getLanguage',1181,1182),(593,578,NULL,NULL,'checkMyIp',1183,1184),(594,578,NULL,NULL,'getInstance',1185,1186),(595,578,NULL,NULL,'isActive',1187,1188),(596,578,NULL,NULL,'emptyDir',1189,1190),(597,578,NULL,NULL,'refreshAll',1191,1192),(598,578,NULL,NULL,'dateToString',1193,1194),(599,578,NULL,NULL,'headerGetStatus',1195,1196),(600,578,NULL,NULL,'getServiceName',1197,1198),(601,578,NULL,NULL,'getPhoneBooks',1199,1200),(602,578,NULL,NULL,'authAccess',1201,1202),(603,578,NULL,NULL,'sweeper',1203,1204),(604,578,NULL,NULL,'validateReceivers',1205,1206),(605,1,NULL,NULL,'Tags',1208,1259),(606,605,NULL,NULL,'index',1209,1210),(607,605,NULL,NULL,'add',1211,1212),(608,605,NULL,NULL,'edit',1213,1214),(609,605,NULL,NULL,'delete',1215,1216),(610,605,NULL,NULL,'uploadFiles',1217,1218),(611,605,NULL,NULL,'wav2mp3',1219,1220),(612,605,NULL,NULL,'wavDuration',1221,1222),(613,605,NULL,NULL,'getExt',1223,1224),(614,605,NULL,NULL,'getFilename',1225,1226),(615,605,NULL,NULL,'logRefresh',1227,1228),(616,605,NULL,NULL,'getTimezone',1229,1230),(617,605,NULL,NULL,'getPrefix',1231,1232),(618,605,NULL,NULL,'getLanguage',1233,1234),(619,605,NULL,NULL,'checkMyIp',1235,1236),(620,605,NULL,NULL,'getInstance',1237,1238),(621,605,NULL,NULL,'isActive',1239,1240),(622,605,NULL,NULL,'emptyDir',1241,1242),(623,605,NULL,NULL,'refreshAll',1243,1244),(624,605,NULL,NULL,'dateToString',1245,1246),(625,605,NULL,NULL,'headerGetStatus',1247,1248),(626,605,NULL,NULL,'getServiceName',1249,1250),(627,605,NULL,NULL,'getPhoneBooks',1251,1252),(628,605,NULL,NULL,'authAccess',1253,1254),(629,605,NULL,NULL,'sweeper',1255,1256),(630,605,NULL,NULL,'validateReceivers',1257,1258),(631,1,NULL,NULL,'Users',1260,1321),(632,631,NULL,NULL,'initDB',1261,1262),(633,631,NULL,NULL,'login',1263,1264),(634,631,NULL,NULL,'loginXX',1265,1266),(635,631,NULL,NULL,'logout',1267,1268),(636,631,NULL,NULL,'index',1269,1270),(637,631,NULL,NULL,'add',1271,1272),(638,631,NULL,NULL,'edit',1273,1274),(639,631,NULL,NULL,'delete',1275,1276),(640,631,NULL,NULL,'system_sweeper',1277,1278),(641,631,NULL,NULL,'uploadFiles',1279,1280),(642,631,NULL,NULL,'wav2mp3',1281,1282),(643,631,NULL,NULL,'wavDuration',1283,1284),(644,631,NULL,NULL,'getExt',1285,1286),(645,631,NULL,NULL,'getFilename',1287,1288),(646,631,NULL,NULL,'logRefresh',1289,1290),(647,631,NULL,NULL,'getTimezone',1291,1292),(648,631,NULL,NULL,'getPrefix',1293,1294),(649,631,NULL,NULL,'getLanguage',1295,1296),(650,631,NULL,NULL,'checkMyIp',1297,1298),(651,631,NULL,NULL,'getInstance',1299,1300),(652,631,NULL,NULL,'isActive',1301,1302),(653,631,NULL,NULL,'emptyDir',1303,1304),(654,631,NULL,NULL,'refreshAll',1305,1306),(655,631,NULL,NULL,'dateToString',1307,1308),(656,631,NULL,NULL,'headerGetStatus',1309,1310),(657,631,NULL,NULL,'getServiceName',1311,1312),(658,631,NULL,NULL,'getPhoneBooks',1313,1314),(659,631,NULL,NULL,'authAccess',1315,1316),(660,631,NULL,NULL,'sweeper',1317,1318),(661,631,NULL,NULL,'validateReceivers',1319,1320),(662,1,NULL,NULL,'Votes',1322,1369),(663,662,NULL,NULL,'add',1323,1324),(664,662,NULL,NULL,'delete',1325,1326),(665,662,NULL,NULL,'uploadFiles',1327,1328),(666,662,NULL,NULL,'wav2mp3',1329,1330),(667,662,NULL,NULL,'wavDuration',1331,1332),(668,662,NULL,NULL,'getExt',1333,1334),(669,662,NULL,NULL,'getFilename',1335,1336),(670,662,NULL,NULL,'logRefresh',1337,1338),(671,662,NULL,NULL,'getTimezone',1339,1340),(672,662,NULL,NULL,'getPrefix',1341,1342),(673,662,NULL,NULL,'getLanguage',1343,1344),(674,662,NULL,NULL,'checkMyIp',1345,1346),(675,662,NULL,NULL,'getInstance',1347,1348),(676,662,NULL,NULL,'isActive',1349,1350),(677,662,NULL,NULL,'emptyDir',1351,1352),(678,662,NULL,NULL,'refreshAll',1353,1354),(679,662,NULL,NULL,'dateToString',1355,1356),(680,662,NULL,NULL,'headerGetStatus',1357,1358),(681,662,NULL,NULL,'getServiceName',1359,1360),(682,662,NULL,NULL,'getPhoneBooks',1361,1362),(683,662,NULL,NULL,'authAccess',1363,1364),(684,662,NULL,NULL,'sweeper',1365,1366),(685,662,NULL,NULL,'validateReceivers',1367,1368),(686,1,NULL,NULL,'AclExtras',1370,1371),(687,1,NULL,NULL,'DebugKit',1372,1421),(688,687,NULL,NULL,'ToolbarAccess',1373,1420),(689,688,NULL,NULL,'history_state',1374,1375),(690,688,NULL,NULL,'sql_explain',1376,1377),(691,688,NULL,NULL,'uploadFiles',1378,1379),(692,688,NULL,NULL,'wav2mp3',1380,1381),(693,688,NULL,NULL,'wavDuration',1382,1383),(694,688,NULL,NULL,'getExt',1384,1385),(695,688,NULL,NULL,'getFilename',1386,1387),(696,688,NULL,NULL,'logRefresh',1388,1389),(697,688,NULL,NULL,'getTimezone',1390,1391),(698,688,NULL,NULL,'getPrefix',1392,1393),(699,688,NULL,NULL,'getLanguage',1394,1395),(700,688,NULL,NULL,'checkMyIp',1396,1397),(701,688,NULL,NULL,'getInstance',1398,1399),(702,688,NULL,NULL,'isActive',1400,1401),(703,688,NULL,NULL,'emptyDir',1402,1403),(704,688,NULL,NULL,'refreshAll',1404,1405),(705,688,NULL,NULL,'dateToString',1406,1407),(706,688,NULL,NULL,'headerGetStatus',1408,1409),(707,688,NULL,NULL,'getServiceName',1410,1411),(708,688,NULL,NULL,'getPhoneBooks',1412,1413),(709,688,NULL,NULL,'authAccess',1414,1415),(710,688,NULL,NULL,'sweeper',1416,1417),(711,688,NULL,NULL,'validateReceivers',1418,1419);
/*!40000 ALTER TABLE `acos` ENABLE KEYS */;
UNLOCK TABLES;

--
-- Table structure for table `aros_acos`
--

DROP TABLE IF EXISTS `aros_acos`;
/*!40101 SET @saved_cs_client     = @@character_set_client */;
/*!40101 SET character_set_client = utf8 */;
CREATE TABLE `aros_acos` (
  `id` int(10) NOT NULL AUTO_INCREMENT,
  `aro_id` int(10) NOT NULL,
  `aco_id` int(10) NOT NULL,
  `_create` varchar(2) NOT NULL DEFAULT '0',
  `_read` varchar(2) NOT NULL DEFAULT '0',
  `_update` varchar(2) NOT NULL DEFAULT '0',
  `_delete` varchar(2) NOT NULL DEFAULT '0',
  PRIMARY KEY (`id`),
  UNIQUE KEY `ARO_ACO_KEY` (`aro_id`,`aco_id`)
) ENGINE=InnoDB AUTO_INCREMENT=62 DEFAULT CHARSET=latin1;
/*!40101 SET character_set_client = @saved_cs_client */;

--
-- Dumping data for table `aros_acos`
--

LOCK TABLES `aros_acos` WRITE;
/*!40000 ALTER TABLE `aros_acos` DISABLE KEYS */;
INSERT INTO `aros_acos` VALUES (1,1,1,'1','1','1','1'),(2,2,1,'-1','-1','-1','-1'),(3,2,499,'-1','-1','-1','-1'),(4,2,501,'1','1','1','1'),(5,2,502,'1','1','1','1'),(6,2,500,'1','1','1','1'),(7,2,314,'-1','-1','-1','-1'),(8,2,316,'1','1','1','1'),(9,2,317,'1','1','1','1'),(10,2,318,'1','1','1','1'),(11,2,320,'1','1','1','1'),(12,2,319,'1','1','1','1'),(13,2,315,'1','1','1','1'),(14,2,121,'-1','-1','-1','-1'),(15,2,122,'1','1','1','1'),(16,2,605,'-1','-1','-1','-1'),(17,2,606,'1','1','1','1'),(18,2,259,'-1','-1','-1','-1'),(19,2,260,'1','1','1','1'),(20,2,62,'-1','-1','-1','-1'),(21,2,64,'1','1','1','1'),(22,2,63,'1','1','1','1'),(23,2,67,'1','1','1','1'),(24,2,65,'1','1','1','1'),(25,2,35,'-1','-1','-1','-1'),(26,2,36,'1','1','1','1'),(27,2,37,'1','1','1','1'),(28,2,578,'-1','-1','-1','-1'),(29,2,579,'1','1','1','1'),(30,2,228,'-1','-1','-1','-1'),(31,2,229,'1','1','1','1'),(32,2,235,'1','1','1','1'),(33,2,374,'-1','-1','-1','-1'),(34,2,375,'1','1','1','1'),(35,2,631,'-1','-1','-1','-1'),(36,2,636,'1','1','1','1'),(37,2,448,'-1','-1','-1','-1'),(38,2,449,'1','1','1','1'),(39,2,147,'-1','-1','-1','-1'),(40,2,150,'1','1','1','1'),(41,2,155,'1','1','1','1'),(42,2,149,'1','1','1','1'),(43,2,157,'1','1','1','1'),(44,2,148,'1','1','1','1'),(45,2,345,'-1','-1','-1','-1'),(46,2,346,'1','1','1','1'),(47,2,348,'1','1','1','1'),(48,2,528,'-1','-1','-1','-1'),(49,2,529,'1','1','1','1'),(50,2,533,'1','1','1','1'),(51,2,530,'1','1','1','1'),(52,2,555,'-1','-1','-1','-1'),(53,2,556,'1','1','1','1'),(54,2,179,'-1','-1','-1','-1'),(55,2,180,'1','1','1','1'),(56,2,182,'1','1','1','1'),(57,2,181,'1','1','1','1'),(58,2,401,'-1','-1','-1','-1'),(59,2,402,'1','1','1','1'),(60,2,290,'-1','-1','-1','-1'),(61,2,205,'-1','-1','-1','-1');
/*!40000 ALTER TABLE `aros_acos` ENABLE KEYS */;
UNLOCK TABLES;

--
-- Table structure for table `users`
--

DROP TABLE IF EXISTS `users`;
/*!40101 SET @saved_cs_client     = @@character_set_client */;
/*!40101 SET character_set_client = utf8 */;
CREATE TABLE `users` (
  `id` int(11) NOT NULL AUTO_INCREMENT,
  `username` varchar(255) NOT NULL,
  `password` varchar(48) DEFAULT NULL,
  `group_id` int(11) NOT NULL,
  `created` datetime DEFAULT NULL,
  `modified` datetime DEFAULT NULL,
  PRIMARY KEY (`id`),
  UNIQUE KEY `username` (`username`)
) ENGINE=MyISAM AUTO_INCREMENT=2 DEFAULT CHARSET=utf8;
/*!40101 SET character_set_client = @saved_cs_client */;

--
-- Dumping data for table `users`
--

LOCK TABLES `users` WRITE;
/*!40000 ALTER TABLE `users` DISABLE KEYS */;
INSERT INTO `users` VALUES (1,'admin','9e7534893a63717f108a3e628865dd230fbe442a',1,'2011-09-29 11:42:41','2011-09-29 11:42:41');
/*!40000 ALTER TABLE `users` ENABLE KEYS */;
UNLOCK TABLES;

--
-- Table structure for table `groups`
--

DROP TABLE IF EXISTS `groups`;
/*!40101 SET @saved_cs_client     = @@character_set_client */;
/*!40101 SET character_set_client = utf8 */;
CREATE TABLE `groups` (
  `id` int(11) NOT NULL AUTO_INCREMENT,
  `name` varchar(100) NOT NULL,
  `created` datetime DEFAULT NULL,
  `modified` datetime DEFAULT NULL,
  PRIMARY KEY (`id`)
) ENGINE=MyISAM AUTO_INCREMENT=3 DEFAULT CHARSET=utf8;
/*!40101 SET character_set_client = @saved_cs_client */;

--
-- Dumping data for table `groups`
--

LOCK TABLES `groups` WRITE;
/*!40000 ALTER TABLE `groups` DISABLE KEYS */;
INSERT INTO `groups` VALUES (1,'admin','2011-09-29 11:42:21','2011-09-29 11:42:21'),(2,'user','2011-09-29 11:42:26','2011-09-29 11:42:26');
/*!40000 ALTER TABLE `groups` ENABLE KEYS */;
UNLOCK TABLES;
/*!40103 SET TIME_ZONE=@OLD_TIME_ZONE */;

/*!40101 SET SQL_MODE=@OLD_SQL_MODE */;
/*!40014 SET FOREIGN_KEY_CHECKS=@OLD_FOREIGN_KEY_CHECKS */;
/*!40014 SET UNIQUE_CHECKS=@OLD_UNIQUE_CHECKS */;
/*!40101 SET CHARACTER_SET_CLIENT=@OLD_CHARACTER_SET_CLIENT */;
/*!40101 SET CHARACTER_SET_RESULTS=@OLD_CHARACTER_SET_RESULTS */;
/*!40101 SET COLLATION_CONNECTION=@OLD_COLLATION_CONNECTION */;
/*!40111 SET SQL_NOTES=@OLD_SQL_NOTES */;

-- Dump completed on 2014-01-21 14:38:34
